slide_position,slide_index,sample_id,source,patient,technology,batch,slide_dir,spots,local_k,relative_probability_error,median_spot_logcp10k_cosine,q05_spot_logcp10k_cosine,median_gene_logcp10k_pcc,fraction_gene_logcp10k_pcc_ge_0_95,median_gene_count_pcc,fraction_gene_count_pcc_ge_0_95,local_n95,global_n95,local_effective_programs_mean,global_effective_programs_mean,mapping_primary_weight_mean,mapping_primary_weight_min
0,0,INT1,HEST,Patient 24,Visium,HEST|Visium,original-artifact/000__INT1,1084,12,0.08263383375256103,0.997588860666926,0.994597330885751,0.8872973322868347,0.3132,0.9986957013607025,0.9825,11,8,10.736470959072129,4.880311478631012,0.6193876266479492,0.3112744688987732
1,1,INT10,HEST,Patient 15,Visium,HEST|Visium,original-artifact/001__INT10,1983,12,0.09140098711496511,0.995030185987999,0.9930640846163851,0.9252116978168488,0.4038,0.9981241822242737,0.9885,12,10,9.629923042536037,8.344157793619239,0.8106854557991028,0.4434821307659149
2,2,INT11,HEST,Patient 14,Visium,HEST|Visium,original-artifact/002__INT11,1439,12,0.08029294565859764,0.9985095847491317,0.9947917160634601,0.8472960591316223,0.2378,0.9980278313159943,0.9845,12,13,10.652817962297224,9.228085291357587,0.5780990719795227,0.31407636404037476
3,3,INT12,HEST,Patient 13,Visium,HEST|Visium,original-artifact/003__INT12,1451,12,0.1278932097167399,0.9967885324934697,0.9849202554863972,0.8222467601299286,0.2232,0.9839842915534973,0.7962,11,7,10.30328258983677,5.81112641153171,0.8261758685112,0.2003028839826584
4,4,INT13,HEST,Patient 12,Visium,HEST|Visium,original-artifact/004__INT13,4359,12,0.1346076647737847,0.9965914429576191,0.9905816806419823,0.8627301156520844,0.2514,0.9942724704742432,0.9654,12,11,10.569978328194818,8.898142144860657,0.5985379219055176,0.26125508546829224
5,5,INT14,HEST,Patient 11,Visium,HEST|Visium,original-artifact/005__INT14,4562,12,0.09000287787319836,0.997979430052796,0.9950163269026074,0.921895444393158,0.4327,0.996520459651947,0.9756,12,9,11.01895722265519,6.575796773866187,0.6036115288734436,0.24835507571697235
6,6,INT15,HEST,Patient 10,Visium,HEST|Visium,original-artifact/006__INT15,4940,12,0.11535449556186471,0.9961955626175366,0.9937415649247016,0.95805823802948,0.5283,0.9969080090522766,0.9499,12,7,11.101505723849641,4.380463295520881,0.797105610370636,0.24581995606422424
7,7,INT16,HEST,Patient 9,Visium,HEST|Visium,original-artifact/007__INT16,3206,12,0.11767539344818669,0.9969159576598343,0.9938199128700927,0.8779188692569733,0.3243,0.992727667093277,0.9119,12,9,10.780194110991978,8.218861037591479,0.4309203624725342,0.28358492255210876
8,8,INT17,HEST,Patient 8,Visium,HEST|Visium,original-artifact/008__INT17,3585,12,0.23591547793755094,0.9742154133157699,0.9600693017222336,0.8605848550796509,0.2803,0.9836332201957703,0.8144,12,11,9.780634027751775,8.681845066606902,0.56577467918396,0.27802956104278564
9,9,INT18,HEST,Patient 7,Visium,HEST|Visium,original-artifact/009__INT18,4915,12,0.07996106314078534,0.9965179481431842,0.9950500565198711,0.9171946942806244,0.3849,0.9982034265995026,0.9841,12,9,11.231171191280831,5.6455860976052055,0.6383947134017944,0.2449357956647873
10,10,INT19,HEST,Patient 6,Visium,HEST|Visium,original-artifact/010__INT19,4948,12,0.06541727432244121,0.9978435751586258,0.9962083902933107,0.9726303219795227,0.5954,0.9988119006156921,0.9947,12,9,11.34537820070184,5.885435166935134,0.657625675201416,0.4413883686065674
11,11,INT2,HEST,Patient 23,Visium,HEST|Visium,original-artifact/011__INT2,2580,12,0.05985284079508769,0.9983095893951969,0.9971408222726528,0.9260441958904266,0.4058,0.9995903968811035,0.999,12,15,11.4297407636774,10.363165872899001,0.5684858560562134,0.27569279074668884
12,12,INT20,HEST,Patient 5,Visium,HEST|Visium,original-artifact/012__INT20,4860,12,0.1953391724493958,0.9948579620834532,0.987019213045814,0.5953556001186371,0.0394,0.9921157658100128,0.9061,12,4,10.376473383444317,3.744416118291388,0.9494479298591614,0.4197872281074524
13,13,INT21,HEST,Patient 4,Visium,HEST|Visium,original-artifact/013__INT21,4975,12,0.14947323468917723,0.9933265843355579,0.989595995242767,0.9566941559314728,0.5311,0.9936627745628357,0.9434,12,10,9.79813701366374,6.548646363446577,0.7026181221008301,0.2909052073955536
14,14,INT22,HEST,Patient 3,Visium,HEST|Visium,original-artifact/014__INT22,3829,12,0.13841990292310513,0.9922346831516805,0.9903301374453423,0.9392946660518646,0.4651,0.9971881806850433,0.9676,12,12,10.697416617617906,10.705497954383468,0.41913464665412903,0.20476505160331726
15,15,INT23,HEST,Patient 2,Visium,HEST|Visium,original-artifact/015__INT23,4755,12,0.15110874262395305,0.992970042204595,0.9906608319878879,0.912801206111908,0.3781,0.996572345495224,0.9533,12,6,10.890651718119624,4.4426422476272425,0.6118783950805664,0.33774083852767944
16,16,INT24,HEST,Patient 1,Visium,HEST|Visium,original-artifact/016__INT24,4510,12,0.20379883615324768,0.9880054027549274,0.9795465616854835,0.7509271502494812,0.1963,0.9890574216842651,0.897,12,6,9.386680688122988,4.752369856189392,0.916251003742218,0.5648473501205444
17,17,INT3,HEST,Patient 22,Visium,HEST|Visium,original-artifact/017__INT3,2007,12,0.03647576742619107,0.9989351651375408,0.9974114075752067,0.9688064157962799,0.634,0.9990668296813965,0.9945,12,3,11.121005086961311,2.2766770299252745,0.9774463176727295,0.7293558716773987
18,18,INT4,HEST,Patient 21,Visium,HEST|Visium,original-artifact/018__INT4,1349,12,0.10289049325237949,0.9966962591606077,0.9933016675399701,0.8972726166248322,0.2943,0.9978112876415253,0.9943,11,9,8.034097661317418,7.44646161051369,0.5371949076652527,0.32445958256721497
19,19,INT5,HEST,Patient 20,Visium,HEST|Visium,original-artifact/019__INT5,1186,12,0.1773035045785181,0.9952789876281816,0.989548395779287,0.9579286873340607,0.5437,0.9975064992904663,0.9641,12,21,10.232471182460245,11.47156596050905,0.5957255959510803,0.35885941982269287
20,20,INT6,HEST,Patient 19,Visium,HEST|Visium,original-artifact/020__INT6,1678,12,0.16915300865739474,0.9939113513058202,0.983400976180792,0.9308317303657532,0.4327,0.9966476559638977,0.9718,12,8,10.398725112230418,6.514392935477473,0.8094885349273682,0.3037053644657135
21,21,INT7,HEST,Patient 18,Visium,HEST|Visium,original-artifact/021__INT7,2374,12,0.08176177472256671,0.9807338103542993,0.9788643519947942,0.9853372573852539,0.799,0.9996356964111328,0.999,12,9,10.966675471167003,8.063949687170425,0.5122451186180115,0.29580479860305786
22,22,INT8,HEST,Patient 17,Visium,HEST|Visium,original-artifact/022__INT8,1949,11,0.12943952246080104,0.9969375438340381,0.9922735360693051,0.8951611220836639,0.3095,0.9937359392642975,0.9262,10,11,9.795547580654457,7.923847274102765,0.4819205105304718,0.3094433844089508
23,23,INT9,HEST,Patient 16,Visium,HEST|Visium,original-artifact/023__INT9,1696,11,0.05367518448794614,0.9990150254542396,0.9981278032151508,0.9088840484619141,0.3574,0.9992521405220032,0.997,11,7,10.108005875668672,5.964312360833458,0.6580855250358582,0.26007694005966187
