tissue_key,fold_index,heldout_patient,test_slides,test_feature_eligible_slides,train_patients,val_patients,programs,reference_mode,strict_reference_fit,fixed_reference_dir,fixed_reference_sha256,fixed_theta_rna_sha256,fixed_theta_composition_sha256,inr_accepted,validation_gene_pcc_10k,test_gene_pcc_10k,reference_test_gene_pcc_10k,fold_root,status
bladder_cancer,0,Patient 1,2,2,3,1,48,fixed_cohort_consensus,fixed_cohort_reference_no_fold_refit,original-artifact/02b_final_consensus,0dd2941fdf54f27aac716bac51dc6f80c7c96f25e51bfca700cd1c9f85e12b62,909ee96f4c000167594594fb70149b32656bacd2a18df24504b37217349f3a3d,c8fa9db5a4e0215f8c5e78824ebb4f4bcfcdb7080063ac8164355726c1defafe,True,0.435946524143219,0.016338013112545013,0.9984164834022522,original-artifact/fold_000,complete
bladder_cancer,1,Patient 10,1,1,3,1,48,fixed_cohort_consensus,fixed_cohort_reference_no_fold_refit,original-artifact/02b_final_consensus,0dd2941fdf54f27aac716bac51dc6f80c7c96f25e51bfca700cd1c9f85e12b62,909ee96f4c000167594594fb70149b32656bacd2a18df24504b37217349f3a3d,c8fa9db5a4e0215f8c5e78824ebb4f4bcfcdb7080063ac8164355726c1defafe,False,0.39668789505958557,0.06821796298027039,0.999778151512146,original-artifact/fold_001,complete
bladder_cancer,2,Patient 2,1,1,3,1,48,fixed_cohort_consensus,fixed_cohort_reference_no_fold_refit,original-artifact/02b_final_consensus,0dd2941fdf54f27aac716bac51dc6f80c7c96f25e51bfca700cd1c9f85e12b62,909ee96f4c000167594594fb70149b32656bacd2a18df24504b37217349f3a3d,c8fa9db5a4e0215f8c5e78824ebb4f4bcfcdb7080063ac8164355726c1defafe,False,0.026492979377508163,0.14667464792728424,0.9997584819793701,original-artifact/fold_002,complete
bladder_cancer,3,Patient 3,1,1,3,1,48,fixed_cohort_consensus,fixed_cohort_reference_no_fold_refit,original-artifact/02b_final_consensus,0dd2941fdf54f27aac716bac51dc6f80c7c96f25e51bfca700cd1c9f85e12b62,909ee96f4c000167594594fb70149b32656bacd2a18df24504b37217349f3a3d,c8fa9db5a4e0215f8c5e78824ebb4f4bcfcdb7080063ac8164355726c1defafe,False,0.14709725975990295,-0.07826726138591766,0.9977713823318481,original-artifact/fold_003,complete
bladder_cancer,4,Patient 4,1,1,3,1,48,fixed_cohort_consensus,fixed_cohort_reference_no_fold_refit,original-artifact/02b_final_consensus,0dd2941fdf54f27aac716bac51dc6f80c7c96f25e51bfca700cd1c9f85e12b62,909ee96f4c000167594594fb70149b32656bacd2a18df24504b37217349f3a3d,c8fa9db5a4e0215f8c5e78824ebb4f4bcfcdb7080063ac8164355726c1defafe,True,0.15407229959964752,-0.2251453995704651,0.9993308782577515,original-artifact/fold_004,complete
breast_cancer,0,GSE210616:092,2,2,49,9,44,fixed_cohort_consensus,fixed_cohort_reference_no_fold_refit,original-artifact/pure_upstream_bayestme_top10k_direct_local_h44_all177_spotnmf_v2,1e8e3e879eb836571fe8a05c3db493511e53db1db31b64a51e2983b638c8eebd,2f7f0d4fc9df0d913f9784d48493d9473ec6b965b8e23c4fdd411a869685b051,a8045a6b0d91f05c43c4646f8cfabdad45d77a0a7f0200254cb0a9c6eb622d66,True,0.45914149284362793,0.5492377281188965,0.7842409014701843,original-artifact/fold_000,complete
breast_cancer,1,GSE210616:093,4,4,49,9,44,fixed_cohort_consensus,fixed_cohort_reference_no_fold_refit,original-artifact/pure_upstream_bayestme_top10k_direct_local_h44_all177_spotnmf_v2,1e8e3e879eb836571fe8a05c3db493511e53db1db31b64a51e2983b638c8eebd,2f7f0d4fc9df0d913f9784d48493d9473ec6b965b8e23c4fdd411a869685b051,a8045a6b0d91f05c43c4646f8cfabdad45d77a0a7f0200254cb0a9c6eb622d66,False,0.4501504898071289,0.39982718229293823,0.7754462361335754,original-artifact/fold_001,complete
breast_cancer,2,GSE210616:094,4,4,49,9,44,fixed_cohort_consensus,fixed_cohort_reference_no_fold_refit,original-artifact/pure_upstream_bayestme_top10k_direct_local_h44_all177_spotnmf_v2,1e8e3e879eb836571fe8a05c3db493511e53db1db31b64a51e2983b638c8eebd,2f7f0d4fc9df0d913f9784d48493d9473ec6b965b8e23c4fdd411a869685b051,a8045a6b0d91f05c43c4646f8cfabdad45d77a0a7f0200254cb0a9c6eb622d66,True,0.37830328941345215,0.40713340044021606,0.7431350946426392,original-artifact/fold_002,complete
breast_cancer,3,GSE210616:095,2,2,49,9,44,fixed_cohort_consensus,fixed_cohort_reference_no_fold_refit,original-artifact/pure_upstream_bayestme_top10k_direct_local_h44_all177_spotnmf_v2,1e8e3e879eb836571fe8a05c3db493511e53db1db31b64a51e2983b638c8eebd,2f7f0d4fc9df0d913f9784d48493d9473ec6b965b8e23c4fdd411a869685b051,a8045a6b0d91f05c43c4646f8cfabdad45d77a0a7f0200254cb0a9c6eb622d66,True,0.36475804448127747,0.33431172370910645,0.847973108291626,original-artifact/fold_003,complete
breast_cancer,4,GSE210616:117,4,4,49,9,44,fixed_cohort_consensus,fixed_cohort_reference_no_fold_refit,original-artifact/pure_upstream_bayestme_top10k_direct_local_h44_all177_spotnmf_v2,1e8e3e879eb836571fe8a05c3db493511e53db1db31b64a51e2983b638c8eebd,2f7f0d4fc9df0d913f9784d48493d9473ec6b965b8e23c4fdd411a869685b051,a8045a6b0d91f05c43c4646f8cfabdad45d77a0a7f0200254cb0a9c6eb622d66,False,0.4126947522163391,0.47959890961647034,0.8168658018112183,original-artifact/fold_004,complete
breast_cancer,5,GSE210616:118,4,4,49,9,44,fixed_cohort_consensus,fixed_cohort_reference_no_fold_refit,original-artifact/pure_upstream_bayestme_top10k_direct_local_h44_all177_spotnmf_v2,1e8e3e879eb836571fe8a05c3db493511e53db1db31b64a51e2983b638c8eebd,2f7f0d4fc9df0d913f9784d48493d9473ec6b965b8e23c4fdd411a869685b051,a8045a6b0d91f05c43c4646f8cfabdad45d77a0a7f0200254cb0a9c6eb622d66,False,0.4122803509235382,0.3491063117980957,0.8388973474502563,original-artifact/fold_005,complete
breast_cancer,6,GSE210616:119,4,4,49,9,44,fixed_cohort_consensus,fixed_cohort_reference_no_fold_refit,original-artifact/pure_upstream_bayestme_top10k_direct_local_h44_all177_spotnmf_v2,1e8e3e879eb836571fe8a05c3db493511e53db1db31b64a51e2983b638c8eebd,2f7f0d4fc9df0d913f9784d48493d9473ec6b965b8e23c4fdd411a869685b051,a8045a6b0d91f05c43c4646f8cfabdad45d77a0a7f0200254cb0a9c6eb622d66,True,0.3958870768547058,0.4705139994621277,0.8595747947692871,original-artifact/fold_006,complete
breast_cancer,7,GSE210616:120,4,4,49,9,44,fixed_cohort_consensus,fixed_cohort_reference_no_fold_refit,original-artifact/pure_upstream_bayestme_top10k_direct_local_h44_all177_spotnmf_v2,1e8e3e879eb836571fe8a05c3db493511e53db1db31b64a51e2983b638c8eebd,2f7f0d4fc9df0d913f9784d48493d9473ec6b965b8e23c4fdd411a869685b051,a8045a6b0d91f05c43c4646f8cfabdad45d77a0a7f0200254cb0a9c6eb622d66,True,0.4541892409324646,0.27955567836761475,0.8587677478790283,original-artifact/fold_007,complete
breast_cancer,8,GSE210616:395,4,4,49,9,44,fixed_cohort_consensus,fixed_cohort_reference_no_fold_refit,original-artifact/pure_upstream_bayestme_top10k_direct_local_h44_all177_spotnmf_v2,1e8e3e879eb836571fe8a05c3db493511e53db1db31b64a51e2983b638c8eebd,2f7f0d4fc9df0d913f9784d48493d9473ec6b965b8e23c4fdd411a869685b051,a8045a6b0d91f05c43c4646f8cfabdad45d77a0a7f0200254cb0a9c6eb622d66,False,0.42749571800231934,0.564480185508728,0.8567528128623962,original-artifact/fold_008,complete
breast_cancer,9,GSE210616:396,3,3,49,9,44,fixed_cohort_consensus,fixed_cohort_reference_no_fold_refit,original-artifact/pure_upstream_bayestme_top10k_direct_local_h44_all177_spotnmf_v2,1e8e3e879eb836571fe8a05c3db493511e53db1db31b64a51e2983b638c8eebd,2f7f0d4fc9df0d913f9784d48493d9473ec6b965b8e23c4fdd411a869685b051,a8045a6b0d91f05c43c4646f8cfabdad45d77a0a7f0200254cb0a9c6eb622d66,False,0.42622125148773193,0.42132318019866943,0.856194019317627,original-artifact/fold_009,complete
breast_cancer,10,GSE210616:397,4,4,49,9,44,fixed_cohort_consensus,fixed_cohort_reference_no_fold_refit,original-artifact/pure_upstream_bayestme_top10k_direct_local_h44_all177_spotnmf_v2,1e8e3e879eb836571fe8a05c3db493511e53db1db31b64a51e2983b638c8eebd,2f7f0d4fc9df0d913f9784d48493d9473ec6b965b8e23c4fdd411a869685b051,a8045a6b0d91f05c43c4646f8cfabdad45d77a0a7f0200254cb0a9c6eb622d66,True,0.4819873571395874,0.5255113840103149,0.8981704711914062,original-artifact/fold_010,complete
breast_cancer,11,GSE210616:398,4,4,49,9,44,fixed_cohort_consensus,fixed_cohort_reference_no_fold_refit,original-artifact/pure_upstream_bayestme_top10k_direct_local_h44_all177_spotnmf_v2,1e8e3e879eb836571fe8a05c3db493511e53db1db31b64a51e2983b638c8eebd,2f7f0d4fc9df0d913f9784d48493d9473ec6b965b8e23c4fdd411a869685b051,a8045a6b0d91f05c43c4646f8cfabdad45d77a0a7f0200254cb0a9c6eb622d66,True,0.4876769781112671,0.6075671315193176,0.8981746435165405,original-artifact/fold_011,complete
breast_cancer,12,GSE213688:V10A20-084,4,4,49,9,44,fixed_cohort_consensus,fixed_cohort_reference_no_fold_refit,original-artifact/pure_upstream_bayestme_top10k_direct_local_h44_all177_spotnmf_v2,1e8e3e879eb836571fe8a05c3db493511e53db1db31b64a51e2983b638c8eebd,2f7f0d4fc9df0d913f9784d48493d9473ec6b965b8e23c4fdd411a869685b051,a8045a6b0d91f05c43c4646f8cfabdad45d77a0a7f0200254cb0a9c6eb622d66,True,0.3507898449897766,0.3675994277000427,0.8608648777008057,original-artifact/fold_012,complete
breast_cancer,13,GSE213688:V10A20-085,3,2,49,9,44,fixed_cohort_consensus,fixed_cohort_reference_no_fold_refit,original-artifact/pure_upstream_bayestme_top10k_direct_local_h44_all177_spotnmf_v2,1e8e3e879eb836571fe8a05c3db493511e53db1db31b64a51e2983b638c8eebd,2f7f0d4fc9df0d913f9784d48493d9473ec6b965b8e23c4fdd411a869685b051,a8045a6b0d91f05c43c4646f8cfabdad45d77a0a7f0200254cb0a9c6eb622d66,False,0.41835111379623413,0.16830846667289734,0.9089792966842651,original-artifact/fold_013,complete
breast_cancer,14,GSE213688:V10A20-113,4,4,49,9,44,fixed_cohort_consensus,fixed_cohort_reference_no_fold_refit,original-artifact/pure_upstream_bayestme_top10k_direct_local_h44_all177_spotnmf_v2,1e8e3e879eb836571fe8a05c3db493511e53db1db31b64a51e2983b638c8eebd,2f7f0d4fc9df0d913f9784d48493d9473ec6b965b8e23c4fdd411a869685b051,a8045a6b0d91f05c43c4646f8cfabdad45d77a0a7f0200254cb0a9c6eb622d66,False,0.36763885617256165,0.4646967053413391,0.8940427899360657,original-artifact/fold_014,complete
breast_cancer,15,GSE213688:V11-J13-037,4,4,49,9,44,fixed_cohort_consensus,fixed_cohort_reference_no_fold_refit,original-artifact/pure_upstream_bayestme_top10k_direct_local_h44_all177_spotnmf_v2,1e8e3e879eb836571fe8a05c3db493511e53db1db31b64a51e2983b638c8eebd,2f7f0d4fc9df0d913f9784d48493d9473ec6b965b8e23c4fdd411a869685b051,a8045a6b0d91f05c43c4646f8cfabdad45d77a0a7f0200254cb0a9c6eb622d66,True,0.4207727909088135,0.4046248197555542,0.8707181215286255,original-artifact/fold_015,complete
breast_cancer,16,HEST:0BE3D6734FD4:UNKNOWN,1,1,49,9,44,fixed_cohort_consensus,fixed_cohort_reference_no_fold_refit,original-artifact/pure_upstream_bayestme_top10k_direct_local_h44_all177_spotnmf_v2,1e8e3e879eb836571fe8a05c3db493511e53db1db31b64a51e2983b638c8eebd,2f7f0d4fc9df0d913f9784d48493d9473ec6b965b8e23c4fdd411a869685b051,a8045a6b0d91f05c43c4646f8cfabdad45d77a0a7f0200254cb0a9c6eb622d66,True,0.4163323938846588,0.6318326592445374,0.8836215734481812,original-artifact/fold_016,complete
breast_cancer,17,HEST:10E1AE2B5361:UNKNOWN,1,1,49,9,44,fixed_cohort_consensus,fixed_cohort_reference_no_fold_refit,original-artifact/pure_upstream_bayestme_top10k_direct_local_h44_all177_spotnmf_v2,1e8e3e879eb836571fe8a05c3db493511e53db1db31b64a51e2983b638c8eebd,2f7f0d4fc9df0d913f9784d48493d9473ec6b965b8e23c4fdd411a869685b051,a8045a6b0d91f05c43c4646f8cfabdad45d77a0a7f0200254cb0a9c6eb622d66,True,0.46850231289863586,0.5441975593566895,0.7297348976135254,original-artifact/fold_017,complete
breast_cancer,18,HEST:1E3BF21A1107:UNKNOWN,1,1,49,9,44,fixed_cohort_consensus,fixed_cohort_reference_no_fold_refit,original-artifact/pure_upstream_bayestme_top10k_direct_local_h44_all177_spotnmf_v2,1e8e3e879eb836571fe8a05c3db493511e53db1db31b64a51e2983b638c8eebd,2f7f0d4fc9df0d913f9784d48493d9473ec6b965b8e23c4fdd411a869685b051,a8045a6b0d91f05c43c4646f8cfabdad45d77a0a7f0200254cb0a9c6eb622d66,True,0.42297685146331787,0.4981927275657654,0.9928032159805298,original-artifact/fold_018,complete
breast_cancer,19,HEST:2136B2E3823F:BC23209,3,3,49,9,44,fixed_cohort_consensus,fixed_cohort_reference_no_fold_refit,original-artifact/pure_upstream_bayestme_top10k_direct_local_h44_all177_spotnmf_v2,1e8e3e879eb836571fe8a05c3db493511e53db1db31b64a51e2983b638c8eebd,2f7f0d4fc9df0d913f9784d48493d9473ec6b965b8e23c4fdd411a869685b051,a8045a6b0d91f05c43c4646f8cfabdad45d77a0a7f0200254cb0a9c6eb622d66,False,0.36008337140083313,0.2957844138145447,0.7425098419189453,original-artifact/fold_019,complete
breast_cancer,20,HEST:2136B2E3823F:BC23268,3,3,49,9,44,fixed_cohort_consensus,fixed_cohort_reference_no_fold_refit,original-artifact/pure_upstream_bayestme_top10k_direct_local_h44_all177_spotnmf_v2,1e8e3e879eb836571fe8a05c3db493511e53db1db31b64a51e2983b638c8eebd,2f7f0d4fc9df0d913f9784d48493d9473ec6b965b8e23c4fdd411a869685b051,a8045a6b0d91f05c43c4646f8cfabdad45d77a0a7f0200254cb0a9c6eb622d66,True,0.4367450773715973,0.8979015946388245,0.9642937183380127,original-artifact/fold_020,complete
breast_cancer,21,HEST:2136B2E3823F:BC23269,3,3,49,9,44,fixed_cohort_consensus,fixed_cohort_reference_no_fold_refit,original-artifact/pure_upstream_bayestme_top10k_direct_local_h44_all177_spotnmf_v2,1e8e3e879eb836571fe8a05c3db493511e53db1db31b64a51e2983b638c8eebd,2f7f0d4fc9df0d913f9784d48493d9473ec6b965b8e23c4fdd411a869685b051,a8045a6b0d91f05c43c4646f8cfabdad45d77a0a7f0200254cb0a9c6eb622d66,True,0.4050886034965515,0.5982362627983093,0.9000896215438843,original-artifact/fold_021,complete
breast_cancer,22,HEST:2136B2E3823F:BC23270,3,3,49,9,44,fixed_cohort_consensus,fixed_cohort_reference_no_fold_refit,original-artifact/pure_upstream_bayestme_top10k_direct_local_h44_all177_spotnmf_v2,1e8e3e879eb836571fe8a05c3db493511e53db1db31b64a51e2983b638c8eebd,2f7f0d4fc9df0d913f9784d48493d9473ec6b965b8e23c4fdd411a869685b051,a8045a6b0d91f05c43c4646f8cfabdad45d77a0a7f0200254cb0a9c6eb622d66,False,0.4215521514415741,0.419425368309021,0.9189265966415405,original-artifact/fold_022,complete
breast_cancer,23,HEST:2136B2E3823F:BC23272,3,3,49,9,44,fixed_cohort_consensus,fixed_cohort_reference_no_fold_refit,original-artifact/pure_upstream_bayestme_top10k_direct_local_h44_all177_spotnmf_v2,1e8e3e879eb836571fe8a05c3db493511e53db1db31b64a51e2983b638c8eebd,2f7f0d4fc9df0d913f9784d48493d9473ec6b965b8e23c4fdd411a869685b051,a8045a6b0d91f05c43c4646f8cfabdad45d77a0a7f0200254cb0a9c6eb622d66,True,0.4366982877254486,0.4239291846752167,0.9016942977905273,original-artifact/fold_023,complete
breast_cancer,24,HEST:2136B2E3823F:BC23277,3,3,49,9,44,fixed_cohort_consensus,fixed_cohort_reference_no_fold_refit,original-artifact/pure_upstream_bayestme_top10k_direct_local_h44_all177_spotnmf_v2,1e8e3e879eb836571fe8a05c3db493511e53db1db31b64a51e2983b638c8eebd,2f7f0d4fc9df0d913f9784d48493d9473ec6b965b8e23c4fdd411a869685b051,a8045a6b0d91f05c43c4646f8cfabdad45d77a0a7f0200254cb0a9c6eb622d66,True,0.4039890170097351,-0.06783806532621384,0.9100965261459351,original-artifact/fold_024,complete
breast_cancer,25,HEST:2136B2E3823F:BC23287,3,3,49,9,44,fixed_cohort_consensus,fixed_cohort_reference_no_fold_refit,original-artifact/pure_upstream_bayestme_top10k_direct_local_h44_all177_spotnmf_v2,1e8e3e879eb836571fe8a05c3db493511e53db1db31b64a51e2983b638c8eebd,2f7f0d4fc9df0d913f9784d48493d9473ec6b965b8e23c4fdd411a869685b051,a8045a6b0d91f05c43c4646f8cfabdad45d77a0a7f0200254cb0a9c6eb622d66,False,0.5161265134811401,0.8343275785446167,0.972892165184021,original-artifact/fold_025,complete
breast_cancer,26,HEST:2136B2E3823F:BC23288,3,3,49,9,44,fixed_cohort_consensus,fixed_cohort_reference_no_fold_refit,original-artifact/pure_upstream_bayestme_top10k_direct_local_h44_all177_spotnmf_v2,1e8e3e879eb836571fe8a05c3db493511e53db1db31b64a51e2983b638c8eebd,2f7f0d4fc9df0d913f9784d48493d9473ec6b965b8e23c4fdd411a869685b051,a8045a6b0d91f05c43c4646f8cfabdad45d77a0a7f0200254cb0a9c6eb622d66,False,0.4707750678062439,-0.26113903522491455,0.9124859571456909,original-artifact/fold_026,complete
breast_cancer,27,HEST:2136B2E3823F:BC23377,3,3,49,9,44,fixed_cohort_consensus,fixed_cohort_reference_no_fold_refit,original-artifact/pure_upstream_bayestme_top10k_direct_local_h44_all177_spotnmf_v2,1e8e3e879eb836571fe8a05c3db493511e53db1db31b64a51e2983b638c8eebd,2f7f0d4fc9df0d913f9784d48493d9473ec6b965b8e23c4fdd411a869685b051,a8045a6b0d91f05c43c4646f8cfabdad45d77a0a7f0200254cb0a9c6eb622d66,False,0.41310393810272217,0.14631925523281097,0.5896193981170654,original-artifact/fold_027,complete
breast_cancer,28,HEST:2136B2E3823F:BC23450,3,3,49,9,44,fixed_cohort_consensus,fixed_cohort_reference_no_fold_refit,original-artifact/pure_upstream_bayestme_top10k_direct_local_h44_all177_spotnmf_v2,1e8e3e879eb836571fe8a05c3db493511e53db1db31b64a51e2983b638c8eebd,2f7f0d4fc9df0d913f9784d48493d9473ec6b965b8e23c4fdd411a869685b051,a8045a6b0d91f05c43c4646f8cfabdad45d77a0a7f0200254cb0a9c6eb622d66,True,0.4219157099723816,0.17950581014156342,0.7667343616485596,original-artifact/fold_028,complete
breast_cancer,29,HEST:2136B2E3823F:BC23506,3,3,49,9,44,fixed_cohort_consensus,fixed_cohort_reference_no_fold_refit,original-artifact/pure_upstream_bayestme_top10k_direct_local_h44_all177_spotnmf_v2,1e8e3e879eb836571fe8a05c3db493511e53db1db31b64a51e2983b638c8eebd,2f7f0d4fc9df0d913f9784d48493d9473ec6b965b8e23c4fdd411a869685b051,a8045a6b0d91f05c43c4646f8cfabdad45d77a0a7f0200254cb0a9c6eb622d66,True,0.33189627528190613,-0.3416944742202759,0.7181867957115173,original-artifact/fold_029,complete
breast_cancer,30,HEST:2136B2E3823F:BC23508,3,3,49,9,44,fixed_cohort_consensus,fixed_cohort_reference_no_fold_refit,original-artifact/pure_upstream_bayestme_top10k_direct_local_h44_all177_spotnmf_v2,1e8e3e879eb836571fe8a05c3db493511e53db1db31b64a51e2983b638c8eebd,2f7f0d4fc9df0d913f9784d48493d9473ec6b965b8e23c4fdd411a869685b051,a8045a6b0d91f05c43c4646f8cfabdad45d77a0a7f0200254cb0a9c6eb622d66,False,0.4798322319984436,0.4900542199611664,0.7762595415115356,original-artifact/fold_030,complete
breast_cancer,31,HEST:2136B2E3823F:BC23567,3,3,49,9,44,fixed_cohort_consensus,fixed_cohort_reference_no_fold_refit,original-artifact/pure_upstream_bayestme_top10k_direct_local_h44_all177_spotnmf_v2,1e8e3e879eb836571fe8a05c3db493511e53db1db31b64a51e2983b638c8eebd,2f7f0d4fc9df0d913f9784d48493d9473ec6b965b8e23c4fdd411a869685b051,a8045a6b0d91f05c43c4646f8cfabdad45d77a0a7f0200254cb0a9c6eb622d66,True,0.3998841345310211,0.33804193139076233,0.7333440780639648,original-artifact/fold_031,complete
breast_cancer,32,HEST:2136B2E3823F:BC23803,3,3,49,9,44,fixed_cohort_consensus,fixed_cohort_reference_no_fold_refit,original-artifact/pure_upstream_bayestme_top10k_direct_local_h44_all177_spotnmf_v2,1e8e3e879eb836571fe8a05c3db493511e53db1db31b64a51e2983b638c8eebd,2f7f0d4fc9df0d913f9784d48493d9473ec6b965b8e23c4fdd411a869685b051,a8045a6b0d91f05c43c4646f8cfabdad45d77a0a7f0200254cb0a9c6eb622d66,True,0.4512941241264343,0.15663884580135345,0.7774534225463867,original-artifact/fold_032,complete
breast_cancer,33,HEST:2136B2E3823F:BC23810,3,3,49,9,44,fixed_cohort_consensus,fixed_cohort_reference_no_fold_refit,original-artifact/pure_upstream_bayestme_top10k_direct_local_h44_all177_spotnmf_v2,1e8e3e879eb836571fe8a05c3db493511e53db1db31b64a51e2983b638c8eebd,2f7f0d4fc9df0d913f9784d48493d9473ec6b965b8e23c4fdd411a869685b051,a8045a6b0d91f05c43c4646f8cfabdad45d77a0a7f0200254cb0a9c6eb622d66,True,0.41682085394859314,0.3782840967178345,0.8237775564193726,original-artifact/fold_033,complete
breast_cancer,34,HEST:2136B2E3823F:BC23895,3,3,49,9,44,fixed_cohort_consensus,fixed_cohort_reference_no_fold_refit,original-artifact/pure_upstream_bayestme_top10k_direct_local_h44_all177_spotnmf_v2,1e8e3e879eb836571fe8a05c3db493511e53db1db31b64a51e2983b638c8eebd,2f7f0d4fc9df0d913f9784d48493d9473ec6b965b8e23c4fdd411a869685b051,a8045a6b0d91f05c43c4646f8cfabdad45d77a0a7f0200254cb0a9c6eb622d66,True,0.38322651386260986,-0.1833844780921936,0.8850792050361633,original-artifact/fold_034,complete
breast_cancer,35,HEST:2136B2E3823F:BC23901,2,2,49,9,44,fixed_cohort_consensus,fixed_cohort_reference_no_fold_refit,original-artifact/pure_upstream_bayestme_top10k_direct_local_h44_all177_spotnmf_v2,1e8e3e879eb836571fe8a05c3db493511e53db1db31b64a51e2983b638c8eebd,2f7f0d4fc9df0d913f9784d48493d9473ec6b965b8e23c4fdd411a869685b051,a8045a6b0d91f05c43c4646f8cfabdad45d77a0a7f0200254cb0a9c6eb622d66,True,0.4142916202545166,0.0019875920843333006,0.8965176939964294,original-artifact/fold_035,complete
breast_cancer,36,HEST:2136B2E3823F:BC23903,3,3,49,9,44,fixed_cohort_consensus,fixed_cohort_reference_no_fold_refit,original-artifact/pure_upstream_bayestme_top10k_direct_local_h44_all177_spotnmf_v2,1e8e3e879eb836571fe8a05c3db493511e53db1db31b64a51e2983b638c8eebd,2f7f0d4fc9df0d913f9784d48493d9473ec6b965b8e23c4fdd411a869685b051,a8045a6b0d91f05c43c4646f8cfabdad45d77a0a7f0200254cb0a9c6eb622d66,True,0.41659972071647644,0.7470362186431885,0.8548306226730347,original-artifact/fold_036,complete
breast_cancer,37,HEST:2136B2E3823F:BC23944,3,3,49,9,44,fixed_cohort_consensus,fixed_cohort_reference_no_fold_refit,original-artifact/pure_upstream_bayestme_top10k_direct_local_h44_all177_spotnmf_v2,1e8e3e879eb836571fe8a05c3db493511e53db1db31b64a51e2983b638c8eebd,2f7f0d4fc9df0d913f9784d48493d9473ec6b965b8e23c4fdd411a869685b051,a8045a6b0d91f05c43c4646f8cfabdad45d77a0a7f0200254cb0a9c6eb622d66,False,0.38630229234695435,0.31509092450141907,0.9094181060791016,original-artifact/fold_037,complete
breast_cancer,38,HEST:2136B2E3823F:BC24044,3,3,49,9,44,fixed_cohort_consensus,fixed_cohort_reference_no_fold_refit,original-artifact/pure_upstream_bayestme_top10k_direct_local_h44_all177_spotnmf_v2,1e8e3e879eb836571fe8a05c3db493511e53db1db31b64a51e2983b638c8eebd,2f7f0d4fc9df0d913f9784d48493d9473ec6b965b8e23c4fdd411a869685b051,a8045a6b0d91f05c43c4646f8cfabdad45d77a0a7f0200254cb0a9c6eb622d66,False,0.5154992341995239,0.6158533096313477,0.9026856422424316,original-artifact/fold_038,complete
breast_cancer,39,HEST:2136B2E3823F:BC24105,3,3,49,9,44,fixed_cohort_consensus,fixed_cohort_reference_no_fold_refit,original-artifact/pure_upstream_bayestme_top10k_direct_local_h44_all177_spotnmf_v2,1e8e3e879eb836571fe8a05c3db493511e53db1db31b64a51e2983b638c8eebd,2f7f0d4fc9df0d913f9784d48493d9473ec6b965b8e23c4fdd411a869685b051,a8045a6b0d91f05c43c4646f8cfabdad45d77a0a7f0200254cb0a9c6eb622d66,False,0.4833565354347229,0.0010718541452661157,0.9410293102264404,original-artifact/fold_039,complete
breast_cancer,40,HEST:2136B2E3823F:BC24220,3,3,49,9,44,fixed_cohort_consensus,fixed_cohort_reference_no_fold_refit,original-artifact/pure_upstream_bayestme_top10k_direct_local_h44_all177_spotnmf_v2,1e8e3e879eb836571fe8a05c3db493511e53db1db31b64a51e2983b638c8eebd,2f7f0d4fc9df0d913f9784d48493d9473ec6b965b8e23c4fdd411a869685b051,a8045a6b0d91f05c43c4646f8cfabdad45d77a0a7f0200254cb0a9c6eb622d66,False,0.3950302004814148,0.30688583850860596,0.7466393709182739,original-artifact/fold_040,complete
breast_cancer,41,HEST:2136B2E3823F:BC24223,3,3,49,9,44,fixed_cohort_consensus,fixed_cohort_reference_no_fold_refit,original-artifact/pure_upstream_bayestme_top10k_direct_local_h44_all177_spotnmf_v2,1e8e3e879eb836571fe8a05c3db493511e53db1db31b64a51e2983b638c8eebd,2f7f0d4fc9df0d913f9784d48493d9473ec6b965b8e23c4fdd411a869685b051,a8045a6b0d91f05c43c4646f8cfabdad45d77a0a7f0200254cb0a9c6eb622d66,True,0.3607078194618225,0.12802624702453613,0.8904550671577454,original-artifact/fold_041,complete
breast_cancer,42,HEST:251E35BD8C43:UNKNOWN,1,1,49,9,44,fixed_cohort_consensus,fixed_cohort_reference_no_fold_refit,original-artifact/pure_upstream_bayestme_top10k_direct_local_h44_all177_spotnmf_v2,1e8e3e879eb836571fe8a05c3db493511e53db1db31b64a51e2983b638c8eebd,2f7f0d4fc9df0d913f9784d48493d9473ec6b965b8e23c4fdd411a869685b051,a8045a6b0d91f05c43c4646f8cfabdad45d77a0a7f0200254cb0a9c6eb622d66,True,0.35423046350479126,0.5096184611320496,0.8007134199142456,original-artifact/fold_042,complete
breast_cancer,43,HEST:27FD7DAFED0C:UNKNOWN,1,1,49,9,44,fixed_cohort_consensus,fixed_cohort_reference_no_fold_refit,original-artifact/pure_upstream_bayestme_top10k_direct_local_h44_all177_spotnmf_v2,1e8e3e879eb836571fe8a05c3db493511e53db1db31b64a51e2983b638c8eebd,2f7f0d4fc9df0d913f9784d48493d9473ec6b965b8e23c4fdd411a869685b051,a8045a6b0d91f05c43c4646f8cfabdad45d77a0a7f0200254cb0a9c6eb622d66,True,0.34883129596710205,0.48977670073509216,0.8255828022956848,original-artifact/fold_043,complete
breast_cancer,44,HEST:4566995B9842:UNKNOWN,1,1,49,9,44,fixed_cohort_consensus,fixed_cohort_reference_no_fold_refit,original-artifact/pure_upstream_bayestme_top10k_direct_local_h44_all177_spotnmf_v2,1e8e3e879eb836571fe8a05c3db493511e53db1db31b64a51e2983b638c8eebd,2f7f0d4fc9df0d913f9784d48493d9473ec6b965b8e23c4fdd411a869685b051,a8045a6b0d91f05c43c4646f8cfabdad45d77a0a7f0200254cb0a9c6eb622d66,True,0.39325177669525146,0.4762074947357178,0.8043526411056519,original-artifact/fold_044,complete
breast_cancer,45,HEST:4802AB092F7E:Patient-A,6,6,49,9,44,fixed_cohort_consensus,fixed_cohort_reference_no_fold_refit,original-artifact/pure_upstream_bayestme_top10k_direct_local_h44_all177_spotnmf_v2,1e8e3e879eb836571fe8a05c3db493511e53db1db31b64a51e2983b638c8eebd,2f7f0d4fc9df0d913f9784d48493d9473ec6b965b8e23c4fdd411a869685b051,a8045a6b0d91f05c43c4646f8cfabdad45d77a0a7f0200254cb0a9c6eb622d66,False,0.3972643315792084,0.48072004318237305,0.8419736623764038,original-artifact/fold_045,complete
breast_cancer,46,HEST:4802AB092F7E:Patient-B,6,6,49,9,44,fixed_cohort_consensus,fixed_cohort_reference_no_fold_refit,original-artifact/pure_upstream_bayestme_top10k_direct_local_h44_all177_spotnmf_v2,1e8e3e879eb836571fe8a05c3db493511e53db1db31b64a51e2983b638c8eebd,2f7f0d4fc9df0d913f9784d48493d9473ec6b965b8e23c4fdd411a869685b051,a8045a6b0d91f05c43c4646f8cfabdad45d77a0a7f0200254cb0a9c6eb622d66,False,0.46282726526260376,0.54502272605896,0.9190772771835327,original-artifact/fold_046,complete
breast_cancer,47,HEST:4802AB092F7E:Patient-C,6,6,49,9,44,fixed_cohort_consensus,fixed_cohort_reference_no_fold_refit,original-artifact/pure_upstream_bayestme_top10k_direct_local_h44_all177_spotnmf_v2,1e8e3e879eb836571fe8a05c3db493511e53db1db31b64a51e2983b638c8eebd,2f7f0d4fc9df0d913f9784d48493d9473ec6b965b8e23c4fdd411a869685b051,a8045a6b0d91f05c43c4646f8cfabdad45d77a0a7f0200254cb0a9c6eb622d66,True,0.4027342200279236,0.5915440320968628,0.8164325952529907,original-artifact/fold_047,complete
breast_cancer,48,HEST:4802AB092F7E:Patient-D,6,6,49,9,44,fixed_cohort_consensus,fixed_cohort_reference_no_fold_refit,original-artifact/pure_upstream_bayestme_top10k_direct_local_h44_all177_spotnmf_v2,1e8e3e879eb836571fe8a05c3db493511e53db1db31b64a51e2983b638c8eebd,2f7f0d4fc9df0d913f9784d48493d9473ec6b965b8e23c4fdd411a869685b051,a8045a6b0d91f05c43c4646f8cfabdad45d77a0a7f0200254cb0a9c6eb622d66,True,0.47781914472579956,0.6648691892623901,0.7677400708198547,original-artifact/fold_048,complete
breast_cancer,49,HEST:4802AB092F7E:Patient-E,3,3,49,9,44,fixed_cohort_consensus,fixed_cohort_reference_no_fold_refit,original-artifact/pure_upstream_bayestme_top10k_direct_local_h44_all177_spotnmf_v2,1e8e3e879eb836571fe8a05c3db493511e53db1db31b64a51e2983b638c8eebd,2f7f0d4fc9df0d913f9784d48493d9473ec6b965b8e23c4fdd411a869685b051,a8045a6b0d91f05c43c4646f8cfabdad45d77a0a7f0200254cb0a9c6eb622d66,False,0.3495768904685974,0.3431949019432068,0.9260196685791016,original-artifact/fold_049,complete
breast_cancer,50,HEST:4802AB092F7E:Patient-F,3,3,49,9,44,fixed_cohort_consensus,fixed_cohort_reference_no_fold_refit,original-artifact/pure_upstream_bayestme_top10k_direct_local_h44_all177_spotnmf_v2,1e8e3e879eb836571fe8a05c3db493511e53db1db31b64a51e2983b638c8eebd,2f7f0d4fc9df0d913f9784d48493d9473ec6b965b8e23c4fdd411a869685b051,a8045a6b0d91f05c43c4646f8cfabdad45d77a0a7f0200254cb0a9c6eb622d66,True,0.40490877628326416,0.18034550547599792,0.5269443988800049,original-artifact/fold_050,complete
breast_cancer,51,HEST:4802AB092F7E:Patient-G,3,3,49,9,44,fixed_cohort_consensus,fixed_cohort_reference_no_fold_refit,original-artifact/pure_upstream_bayestme_top10k_direct_local_h44_all177_spotnmf_v2,1e8e3e879eb836571fe8a05c3db493511e53db1db31b64a51e2983b638c8eebd,2f7f0d4fc9df0d913f9784d48493d9473ec6b965b8e23c4fdd411a869685b051,a8045a6b0d91f05c43c4646f8cfabdad45d77a0a7f0200254cb0a9c6eb622d66,True,0.4382823705673218,0.6310369968414307,0.8047828674316406,original-artifact/fold_051,complete
breast_cancer,52,HEST:4802AB092F7E:Patient-H,3,3,49,9,44,fixed_cohort_consensus,fixed_cohort_reference_no_fold_refit,original-artifact/pure_upstream_bayestme_top10k_direct_local_h44_all177_spotnmf_v2,1e8e3e879eb836571fe8a05c3db493511e53db1db31b64a51e2983b638c8eebd,2f7f0d4fc9df0d913f9784d48493d9473ec6b965b8e23c4fdd411a869685b051,a8045a6b0d91f05c43c4646f8cfabdad45d77a0a7f0200254cb0a9c6eb622d66,True,0.4239419102668762,0.08707305043935776,0.8418166637420654,original-artifact/fold_052,complete
breast_cancer,53,HEST:7068EE7808CE:UNKNOWN,4,4,49,9,44,fixed_cohort_consensus,fixed_cohort_reference_no_fold_refit,original-artifact/pure_upstream_bayestme_top10k_direct_local_h44_all177_spotnmf_v2,1e8e3e879eb836571fe8a05c3db493511e53db1db31b64a51e2983b638c8eebd,2f7f0d4fc9df0d913f9784d48493d9473ec6b965b8e23c4fdd411a869685b051,a8045a6b0d91f05c43c4646f8cfabdad45d77a0a7f0200254cb0a9c6eb622d66,True,0.3226780295372009,0.6584247350692749,0.68440842628479,original-artifact/fold_053,complete
breast_cancer,54,HEST:97808E0CCBB7:UNKNOWN,1,1,49,9,44,fixed_cohort_consensus,fixed_cohort_reference_no_fold_refit,original-artifact/pure_upstream_bayestme_top10k_direct_local_h44_all177_spotnmf_v2,1e8e3e879eb836571fe8a05c3db493511e53db1db31b64a51e2983b638c8eebd,2f7f0d4fc9df0d913f9784d48493d9473ec6b965b8e23c4fdd411a869685b051,a8045a6b0d91f05c43c4646f8cfabdad45d77a0a7f0200254cb0a9c6eb622d66,False,0.4175799489021301,0.3703021705150604,0.7583074569702148,original-artifact/fold_054,complete
breast_cancer,55,HEST:9ACFB7E02B35:UNKNOWN,1,1,49,9,44,fixed_cohort_consensus,fixed_cohort_reference_no_fold_refit,original-artifact/pure_upstream_bayestme_top10k_direct_local_h44_all177_spotnmf_v2,1e8e3e879eb836571fe8a05c3db493511e53db1db31b64a51e2983b638c8eebd,2f7f0d4fc9df0d913f9784d48493d9473ec6b965b8e23c4fdd411a869685b051,a8045a6b0d91f05c43c4646f8cfabdad45d77a0a7f0200254cb0a9c6eb622d66,False,0.42518350481987,0.30760419368743896,0.9022325277328491,original-artifact/fold_055,complete
breast_cancer,56,HEST:B89DC6B97095:UNKNOWN,1,1,49,9,44,fixed_cohort_consensus,fixed_cohort_reference_no_fold_refit,original-artifact/pure_upstream_bayestme_top10k_direct_local_h44_all177_spotnmf_v2,1e8e3e879eb836571fe8a05c3db493511e53db1db31b64a51e2983b638c8eebd,2f7f0d4fc9df0d913f9784d48493d9473ec6b965b8e23c4fdd411a869685b051,a8045a6b0d91f05c43c4646f8cfabdad45d77a0a7f0200254cb0a9c6eb622d66,True,0.32324469089508057,0.5063353776931763,0.720332682132721,original-artifact/fold_056,complete
breast_cancer,57,HEST:CB37C0D65D1C:UNKNOWN,1,1,49,9,44,fixed_cohort_consensus,fixed_cohort_reference_no_fold_refit,original-artifact/pure_upstream_bayestme_top10k_direct_local_h44_all177_spotnmf_v2,1e8e3e879eb836571fe8a05c3db493511e53db1db31b64a51e2983b638c8eebd,2f7f0d4fc9df0d913f9784d48493d9473ec6b965b8e23c4fdd411a869685b051,a8045a6b0d91f05c43c4646f8cfabdad45d77a0a7f0200254cb0a9c6eb622d66,True,0.4329867959022522,0.6732656359672546,0.9152559041976929,original-artifact/fold_057,complete
breast_cancer,58,HEST:FBBE614FE189:UNKNOWN,1,1,49,9,44,fixed_cohort_consensus,fixed_cohort_reference_no_fold_refit,original-artifact/pure_upstream_bayestme_top10k_direct_local_h44_all177_spotnmf_v2,1e8e3e879eb836571fe8a05c3db493511e53db1db31b64a51e2983b638c8eebd,2f7f0d4fc9df0d913f9784d48493d9473ec6b965b8e23c4fdd411a869685b051,a8045a6b0d91f05c43c4646f8cfabdad45d77a0a7f0200254cb0a9c6eb622d66,True,0.4029436707496643,0.7740354537963867,0.93260657787323,original-artifact/fold_058,complete
colorectal_cancer,0,Patient 1,1,1,38,7,44,fixed_cohort_consensus,fixed_cohort_reference_no_fold_refit,original-artifact/02b_final_consensus,6137f1d28167bbb08f663a46f1a7c8613db7d06c0c6652e069affbaa7120ecf2,955ba2c46592b9667c2ce18fde7cff3cdad8c9ec86be766f391c2a580eb0d06a,d7854e2d822274d253d16eac331f2112998241aad4041be8334fe36261b85236,False,0.3636016249656677,0.4484197497367859,0.9505125284194946,original-artifact/fold_000,complete
colorectal_cancer,1,Patient 2,4,4,38,7,44,fixed_cohort_consensus,fixed_cohort_reference_no_fold_refit,original-artifact/02b_final_consensus,6137f1d28167bbb08f663a46f1a7c8613db7d06c0c6652e069affbaa7120ecf2,955ba2c46592b9667c2ce18fde7cff3cdad8c9ec86be766f391c2a580eb0d06a,d7854e2d822274d253d16eac331f2112998241aad4041be8334fe36261b85236,True,0.41172629594802856,0.3594832718372345,0.7749996781349182,original-artifact/fold_001,complete
colorectal_cancer,2,Patient 3,2,2,38,7,44,fixed_cohort_consensus,fixed_cohort_reference_no_fold_refit,original-artifact/02b_final_consensus,6137f1d28167bbb08f663a46f1a7c8613db7d06c0c6652e069affbaa7120ecf2,955ba2c46592b9667c2ce18fde7cff3cdad8c9ec86be766f391c2a580eb0d06a,d7854e2d822274d253d16eac331f2112998241aad4041be8334fe36261b85236,False,0.4442557692527771,0.382870614528656,0.9010128974914551,original-artifact/fold_002,complete
colorectal_cancer,3,Patient 4,2,2,38,7,44,fixed_cohort_consensus,fixed_cohort_reference_no_fold_refit,original-artifact/02b_final_consensus,6137f1d28167bbb08f663a46f1a7c8613db7d06c0c6652e069affbaa7120ecf2,955ba2c46592b9667c2ce18fde7cff3cdad8c9ec86be766f391c2a580eb0d06a,d7854e2d822274d253d16eac331f2112998241aad4041be8334fe36261b85236,False,0.3857295513153076,0.5017992258071899,0.9055706858634949,original-artifact/fold_003,complete
colorectal_cancer,4,Patient 5,3,3,38,7,44,fixed_cohort_consensus,fixed_cohort_reference_no_fold_refit,original-artifact/02b_final_consensus,6137f1d28167bbb08f663a46f1a7c8613db7d06c0c6652e069affbaa7120ecf2,955ba2c46592b9667c2ce18fde7cff3cdad8c9ec86be766f391c2a580eb0d06a,d7854e2d822274d253d16eac331f2112998241aad4041be8334fe36261b85236,False,0.4281860589981079,0.34630322456359863,0.7549302577972412,original-artifact/fold_004,complete
colorectal_cancer,5,sample:MISC33,1,1,38,7,44,fixed_cohort_consensus,fixed_cohort_reference_no_fold_refit,original-artifact/02b_final_consensus,6137f1d28167bbb08f663a46f1a7c8613db7d06c0c6652e069affbaa7120ecf2,955ba2c46592b9667c2ce18fde7cff3cdad8c9ec86be766f391c2a580eb0d06a,d7854e2d822274d253d16eac331f2112998241aad4041be8334fe36261b85236,True,0.5221185684204102,0.5797953605651855,0.9504991173744202,original-artifact/fold_005,complete
colorectal_cancer,6,sample:MISC34,1,1,38,7,44,fixed_cohort_consensus,fixed_cohort_reference_no_fold_refit,original-artifact/02b_final_consensus,6137f1d28167bbb08f663a46f1a7c8613db7d06c0c6652e069affbaa7120ecf2,955ba2c46592b9667c2ce18fde7cff3cdad8c9ec86be766f391c2a580eb0d06a,d7854e2d822274d253d16eac331f2112998241aad4041be8334fe36261b85236,True,0.46605783700942993,0.3211268484592438,0.9439499378204346,original-artifact/fold_006,complete
colorectal_cancer,7,sample:MISC35,1,1,38,7,44,fixed_cohort_consensus,fixed_cohort_reference_no_fold_refit,original-artifact/02b_final_consensus,6137f1d28167bbb08f663a46f1a7c8613db7d06c0c6652e069affbaa7120ecf2,955ba2c46592b9667c2ce18fde7cff3cdad8c9ec86be766f391c2a580eb0d06a,d7854e2d822274d253d16eac331f2112998241aad4041be8334fe36261b85236,False,0.33139801025390625,0.5198392868041992,0.9417012929916382,original-artifact/fold_007,complete
colorectal_cancer,8,sample:MISC36,1,1,38,7,44,fixed_cohort_consensus,fixed_cohort_reference_no_fold_refit,original-artifact/02b_final_consensus,6137f1d28167bbb08f663a46f1a7c8613db7d06c0c6652e069affbaa7120ecf2,955ba2c46592b9667c2ce18fde7cff3cdad8c9ec86be766f391c2a580eb0d06a,d7854e2d822274d253d16eac331f2112998241aad4041be8334fe36261b85236,True,0.4182024598121643,0.7270399332046509,0.952442467212677,original-artifact/fold_008,complete
colorectal_cancer,9,sample:MISC37,1,1,38,7,44,fixed_cohort_consensus,fixed_cohort_reference_no_fold_refit,original-artifact/02b_final_consensus,6137f1d28167bbb08f663a46f1a7c8613db7d06c0c6652e069affbaa7120ecf2,955ba2c46592b9667c2ce18fde7cff3cdad8c9ec86be766f391c2a580eb0d06a,d7854e2d822274d253d16eac331f2112998241aad4041be8334fe36261b85236,True,0.4542275667190552,0.4000028073787689,0.9001388549804688,original-artifact/fold_009,complete
colorectal_cancer,10,sample:MISC38,1,1,38,7,44,fixed_cohort_consensus,fixed_cohort_reference_no_fold_refit,original-artifact/02b_final_consensus,6137f1d28167bbb08f663a46f1a7c8613db7d06c0c6652e069affbaa7120ecf2,955ba2c46592b9667c2ce18fde7cff3cdad8c9ec86be766f391c2a580eb0d06a,d7854e2d822274d253d16eac331f2112998241aad4041be8334fe36261b85236,False,0.4808669090270996,0.21415218710899353,0.9005355834960938,original-artifact/fold_010,complete
colorectal_cancer,11,sample:MISC39,1,1,38,7,44,fixed_cohort_consensus,fixed_cohort_reference_no_fold_refit,original-artifact/02b_final_consensus,6137f1d28167bbb08f663a46f1a7c8613db7d06c0c6652e069affbaa7120ecf2,955ba2c46592b9667c2ce18fde7cff3cdad8c9ec86be766f391c2a580eb0d06a,d7854e2d822274d253d16eac331f2112998241aad4041be8334fe36261b85236,False,0.3763875961303711,0.22058355808258057,0.8826171159744263,original-artifact/fold_011,complete
colorectal_cancer,12,sample:MISC40,1,1,38,7,44,fixed_cohort_consensus,fixed_cohort_reference_no_fold_refit,original-artifact/02b_final_consensus,6137f1d28167bbb08f663a46f1a7c8613db7d06c0c6652e069affbaa7120ecf2,955ba2c46592b9667c2ce18fde7cff3cdad8c9ec86be766f391c2a580eb0d06a,d7854e2d822274d253d16eac331f2112998241aad4041be8334fe36261b85236,False,0.4281546473503113,0.3926331102848053,0.8654623031616211,original-artifact/fold_012,complete
colorectal_cancer,13,sample:MISC41,1,1,38,7,44,fixed_cohort_consensus,fixed_cohort_reference_no_fold_refit,original-artifact/02b_final_consensus,6137f1d28167bbb08f663a46f1a7c8613db7d06c0c6652e069affbaa7120ecf2,955ba2c46592b9667c2ce18fde7cff3cdad8c9ec86be766f391c2a580eb0d06a,d7854e2d822274d253d16eac331f2112998241aad4041be8334fe36261b85236,False,0.36745208501815796,0.409894734621048,0.9263239502906799,original-artifact/fold_013,complete
colorectal_cancer,14,sample:MISC42,1,1,38,7,44,fixed_cohort_consensus,fixed_cohort_reference_no_fold_refit,original-artifact/02b_final_consensus,6137f1d28167bbb08f663a46f1a7c8613db7d06c0c6652e069affbaa7120ecf2,955ba2c46592b9667c2ce18fde7cff3cdad8c9ec86be766f391c2a580eb0d06a,d7854e2d822274d253d16eac331f2112998241aad4041be8334fe36261b85236,True,0.47201091051101685,0.3864237666130066,0.9459064602851868,original-artifact/fold_014,complete
colorectal_cancer,15,sample:MISC43,1,1,38,7,44,fixed_cohort_consensus,fixed_cohort_reference_no_fold_refit,original-artifact/02b_final_consensus,6137f1d28167bbb08f663a46f1a7c8613db7d06c0c6652e069affbaa7120ecf2,955ba2c46592b9667c2ce18fde7cff3cdad8c9ec86be766f391c2a580eb0d06a,d7854e2d822274d253d16eac331f2112998241aad4041be8334fe36261b85236,True,0.4652637839317322,0.28246527910232544,0.9035272598266602,original-artifact/fold_015,complete
colorectal_cancer,16,sample:MISC44,1,1,38,7,44,fixed_cohort_consensus,fixed_cohort_reference_no_fold_refit,original-artifact/02b_final_consensus,6137f1d28167bbb08f663a46f1a7c8613db7d06c0c6652e069affbaa7120ecf2,955ba2c46592b9667c2ce18fde7cff3cdad8c9ec86be766f391c2a580eb0d06a,d7854e2d822274d253d16eac331f2112998241aad4041be8334fe36261b85236,True,0.4163544774055481,0.6550325155258179,0.8973099589347839,original-artifact/fold_016,complete
colorectal_cancer,17,sample:MISC45,1,1,38,7,44,fixed_cohort_consensus,fixed_cohort_reference_no_fold_refit,original-artifact/02b_final_consensus,6137f1d28167bbb08f663a46f1a7c8613db7d06c0c6652e069affbaa7120ecf2,955ba2c46592b9667c2ce18fde7cff3cdad8c9ec86be766f391c2a580eb0d06a,d7854e2d822274d253d16eac331f2112998241aad4041be8334fe36261b85236,True,0.4108837842941284,0.3975754976272583,0.9420027732849121,original-artifact/fold_017,complete
colorectal_cancer,18,sample:MISC46,1,1,38,7,44,fixed_cohort_consensus,fixed_cohort_reference_no_fold_refit,original-artifact/02b_final_consensus,6137f1d28167bbb08f663a46f1a7c8613db7d06c0c6652e069affbaa7120ecf2,955ba2c46592b9667c2ce18fde7cff3cdad8c9ec86be766f391c2a580eb0d06a,d7854e2d822274d253d16eac331f2112998241aad4041be8334fe36261b85236,True,0.46070969104766846,0.00600817333906889,0.8566350936889648,original-artifact/fold_018,complete
colorectal_cancer,19,sample:MISC47,1,1,38,7,44,fixed_cohort_consensus,fixed_cohort_reference_no_fold_refit,original-artifact/02b_final_consensus,6137f1d28167bbb08f663a46f1a7c8613db7d06c0c6652e069affbaa7120ecf2,955ba2c46592b9667c2ce18fde7cff3cdad8c9ec86be766f391c2a580eb0d06a,d7854e2d822274d253d16eac331f2112998241aad4041be8334fe36261b85236,True,0.37372326850891113,0.5262250900268555,0.932512640953064,original-artifact/fold_019,complete
colorectal_cancer,20,sample:MISC48,1,1,38,7,44,fixed_cohort_consensus,fixed_cohort_reference_no_fold_refit,original-artifact/02b_final_consensus,6137f1d28167bbb08f663a46f1a7c8613db7d06c0c6652e069affbaa7120ecf2,955ba2c46592b9667c2ce18fde7cff3cdad8c9ec86be766f391c2a580eb0d06a,d7854e2d822274d253d16eac331f2112998241aad4041be8334fe36261b85236,True,0.3703189492225647,0.6677227020263672,0.9290542602539062,original-artifact/fold_020,complete
colorectal_cancer,21,sample:MISC49,1,1,38,7,44,fixed_cohort_consensus,fixed_cohort_reference_no_fold_refit,original-artifact/02b_final_consensus,6137f1d28167bbb08f663a46f1a7c8613db7d06c0c6652e069affbaa7120ecf2,955ba2c46592b9667c2ce18fde7cff3cdad8c9ec86be766f391c2a580eb0d06a,d7854e2d822274d253d16eac331f2112998241aad4041be8334fe36261b85236,True,0.4792304039001465,0.5886108875274658,0.9647397994995117,original-artifact/fold_021,complete
colorectal_cancer,22,sample:MISC50,1,1,38,7,44,fixed_cohort_consensus,fixed_cohort_reference_no_fold_refit,original-artifact/02b_final_consensus,6137f1d28167bbb08f663a46f1a7c8613db7d06c0c6652e069affbaa7120ecf2,955ba2c46592b9667c2ce18fde7cff3cdad8c9ec86be766f391c2a580eb0d06a,d7854e2d822274d253d16eac331f2112998241aad4041be8334fe36261b85236,True,0.4463820457458496,0.7069029211997986,0.9123390913009644,original-artifact/fold_022,complete
colorectal_cancer,23,sample:MISC51,1,1,38,7,44,fixed_cohort_consensus,fixed_cohort_reference_no_fold_refit,original-artifact/02b_final_consensus,6137f1d28167bbb08f663a46f1a7c8613db7d06c0c6652e069affbaa7120ecf2,955ba2c46592b9667c2ce18fde7cff3cdad8c9ec86be766f391c2a580eb0d06a,d7854e2d822274d253d16eac331f2112998241aad4041be8334fe36261b85236,True,0.4075072407722473,0.5934134721755981,0.955411434173584,original-artifact/fold_023,complete
colorectal_cancer,24,sample:MISC56,1,1,38,7,44,fixed_cohort_consensus,fixed_cohort_reference_no_fold_refit,original-artifact/02b_final_consensus,6137f1d28167bbb08f663a46f1a7c8613db7d06c0c6652e069affbaa7120ecf2,955ba2c46592b9667c2ce18fde7cff3cdad8c9ec86be766f391c2a580eb0d06a,d7854e2d822274d253d16eac331f2112998241aad4041be8334fe36261b85236,True,0.44060564041137695,0.005161729641258717,0.8690019249916077,original-artifact/fold_024,complete
colorectal_cancer,25,sample:MISC57,1,1,38,7,44,fixed_cohort_consensus,fixed_cohort_reference_no_fold_refit,original-artifact/02b_final_consensus,6137f1d28167bbb08f663a46f1a7c8613db7d06c0c6652e069affbaa7120ecf2,955ba2c46592b9667c2ce18fde7cff3cdad8c9ec86be766f391c2a580eb0d06a,d7854e2d822274d253d16eac331f2112998241aad4041be8334fe36261b85236,True,0.539161205291748,0.1994335651397705,0.9096360206604004,original-artifact/fold_025,complete
colorectal_cancer,26,sample:MISC58,1,1,38,7,44,fixed_cohort_consensus,fixed_cohort_reference_no_fold_refit,original-artifact/02b_final_consensus,6137f1d28167bbb08f663a46f1a7c8613db7d06c0c6652e069affbaa7120ecf2,955ba2c46592b9667c2ce18fde7cff3cdad8c9ec86be766f391c2a580eb0d06a,d7854e2d822274d253d16eac331f2112998241aad4041be8334fe36261b85236,False,0.36629554629325867,0.4125595688819885,0.9477242231369019,original-artifact/fold_026,complete
colorectal_cancer,27,sample:MISC62,1,1,38,7,44,fixed_cohort_consensus,fixed_cohort_reference_no_fold_refit,original-artifact/02b_final_consensus,6137f1d28167bbb08f663a46f1a7c8613db7d06c0c6652e069affbaa7120ecf2,955ba2c46592b9667c2ce18fde7cff3cdad8c9ec86be766f391c2a580eb0d06a,d7854e2d822274d253d16eac331f2112998241aad4041be8334fe36261b85236,True,0.26566779613494873,0.5240998268127441,0.9368361234664917,original-artifact/fold_027,complete
colorectal_cancer,28,sample:MISC63,1,1,38,7,44,fixed_cohort_consensus,fixed_cohort_reference_no_fold_refit,original-artifact/02b_final_consensus,6137f1d28167bbb08f663a46f1a7c8613db7d06c0c6652e069affbaa7120ecf2,955ba2c46592b9667c2ce18fde7cff3cdad8c9ec86be766f391c2a580eb0d06a,d7854e2d822274d253d16eac331f2112998241aad4041be8334fe36261b85236,False,0.39703744649887085,0.318576455116272,0.9265284538269043,original-artifact/fold_028,complete
colorectal_cancer,29,sample:MISC64,1,1,38,7,44,fixed_cohort_consensus,fixed_cohort_reference_no_fold_refit,original-artifact/02b_final_consensus,6137f1d28167bbb08f663a46f1a7c8613db7d06c0c6652e069affbaa7120ecf2,955ba2c46592b9667c2ce18fde7cff3cdad8c9ec86be766f391c2a580eb0d06a,d7854e2d822274d253d16eac331f2112998241aad4041be8334fe36261b85236,True,0.3632858395576477,0.40749862790107727,0.8877671957015991,original-artifact/fold_029,complete
colorectal_cancer,30,sample:MISC65,1,1,38,7,44,fixed_cohort_consensus,fixed_cohort_reference_no_fold_refit,original-artifact/02b_final_consensus,6137f1d28167bbb08f663a46f1a7c8613db7d06c0c6652e069affbaa7120ecf2,955ba2c46592b9667c2ce18fde7cff3cdad8c9ec86be766f391c2a580eb0d06a,d7854e2d822274d253d16eac331f2112998241aad4041be8334fe36261b85236,True,0.4898492693901062,0.6131347417831421,0.9122118353843689,original-artifact/fold_030,complete
colorectal_cancer,31,sample:MISC66,1,1,38,7,44,fixed_cohort_consensus,fixed_cohort_reference_no_fold_refit,original-artifact/02b_final_consensus,6137f1d28167bbb08f663a46f1a7c8613db7d06c0c6652e069affbaa7120ecf2,955ba2c46592b9667c2ce18fde7cff3cdad8c9ec86be766f391c2a580eb0d06a,d7854e2d822274d253d16eac331f2112998241aad4041be8334fe36261b85236,False,0.4303927421569824,0.6313164234161377,0.9338033199310303,original-artifact/fold_031,complete
colorectal_cancer,32,sample:MISC67,1,1,38,7,44,fixed_cohort_consensus,fixed_cohort_reference_no_fold_refit,original-artifact/02b_final_consensus,6137f1d28167bbb08f663a46f1a7c8613db7d06c0c6652e069affbaa7120ecf2,955ba2c46592b9667c2ce18fde7cff3cdad8c9ec86be766f391c2a580eb0d06a,d7854e2d822274d253d16eac331f2112998241aad4041be8334fe36261b85236,True,0.3999255895614624,0.598595380783081,0.9482101798057556,original-artifact/fold_032,complete
colorectal_cancer,33,sample:MISC68,1,1,38,7,44,fixed_cohort_consensus,fixed_cohort_reference_no_fold_refit,original-artifact/02b_final_consensus,6137f1d28167bbb08f663a46f1a7c8613db7d06c0c6652e069affbaa7120ecf2,955ba2c46592b9667c2ce18fde7cff3cdad8c9ec86be766f391c2a580eb0d06a,d7854e2d822274d253d16eac331f2112998241aad4041be8334fe36261b85236,True,0.421798974275589,0.0378689244389534,0.9618958234786987,original-artifact/fold_033,complete
colorectal_cancer,34,sample:MISC69,1,1,38,7,44,fixed_cohort_consensus,fixed_cohort_reference_no_fold_refit,original-artifact/02b_final_consensus,6137f1d28167bbb08f663a46f1a7c8613db7d06c0c6652e069affbaa7120ecf2,955ba2c46592b9667c2ce18fde7cff3cdad8c9ec86be766f391c2a580eb0d06a,d7854e2d822274d253d16eac331f2112998241aad4041be8334fe36261b85236,True,0.3113516569137573,-0.08485735952854156,0.9856294393539429,original-artifact/fold_034,complete
colorectal_cancer,35,sample:MISC70,1,1,38,7,44,fixed_cohort_consensus,fixed_cohort_reference_no_fold_refit,original-artifact/02b_final_consensus,6137f1d28167bbb08f663a46f1a7c8613db7d06c0c6652e069affbaa7120ecf2,955ba2c46592b9667c2ce18fde7cff3cdad8c9ec86be766f391c2a580eb0d06a,d7854e2d822274d253d16eac331f2112998241aad4041be8334fe36261b85236,True,0.47288691997528076,0.18325123190879822,0.7840307354927063,original-artifact/fold_035,complete
colorectal_cancer,36,sample:MISC71,1,1,38,7,44,fixed_cohort_consensus,fixed_cohort_reference_no_fold_refit,original-artifact/02b_final_consensus,6137f1d28167bbb08f663a46f1a7c8613db7d06c0c6652e069affbaa7120ecf2,955ba2c46592b9667c2ce18fde7cff3cdad8c9ec86be766f391c2a580eb0d06a,d7854e2d822274d253d16eac331f2112998241aad4041be8334fe36261b85236,False,0.5060553550720215,0.543329656124115,0.9022708535194397,original-artifact/fold_036,complete
colorectal_cancer,37,sample:MISC72,1,1,38,7,44,fixed_cohort_consensus,fixed_cohort_reference_no_fold_refit,original-artifact/02b_final_consensus,6137f1d28167bbb08f663a46f1a7c8613db7d06c0c6652e069affbaa7120ecf2,955ba2c46592b9667c2ce18fde7cff3cdad8c9ec86be766f391c2a580eb0d06a,d7854e2d822274d253d16eac331f2112998241aad4041be8334fe36261b85236,True,0.5065994262695312,0.6181618571281433,0.9358583688735962,original-artifact/fold_037,complete
colorectal_cancer,38,sample:MISC73,1,1,38,7,44,fixed_cohort_consensus,fixed_cohort_reference_no_fold_refit,original-artifact/02b_final_consensus,6137f1d28167bbb08f663a46f1a7c8613db7d06c0c6652e069affbaa7120ecf2,955ba2c46592b9667c2ce18fde7cff3cdad8c9ec86be766f391c2a580eb0d06a,d7854e2d822274d253d16eac331f2112998241aad4041be8334fe36261b85236,False,0.4386011064052582,0.628189206123352,0.9101299047470093,original-artifact/fold_038,complete
colorectal_cancer,39,sample:TENX128,1,1,38,7,44,fixed_cohort_consensus,fixed_cohort_reference_no_fold_refit,original-artifact/02b_final_consensus,6137f1d28167bbb08f663a46f1a7c8613db7d06c0c6652e069affbaa7120ecf2,955ba2c46592b9667c2ce18fde7cff3cdad8c9ec86be766f391c2a580eb0d06a,d7854e2d822274d253d16eac331f2112998241aad4041be8334fe36261b85236,True,0.27061158418655396,0.8018636107444763,0.9491901397705078,original-artifact/fold_039,complete
colorectal_cancer,40,sample:TENX29,1,1,38,7,44,fixed_cohort_consensus,fixed_cohort_reference_no_fold_refit,original-artifact/02b_final_consensus,6137f1d28167bbb08f663a46f1a7c8613db7d06c0c6652e069affbaa7120ecf2,955ba2c46592b9667c2ce18fde7cff3cdad8c9ec86be766f391c2a580eb0d06a,d7854e2d822274d253d16eac331f2112998241aad4041be8334fe36261b85236,False,0.33319294452667236,0.28756412863731384,0.9543346166610718,original-artifact/fold_040,complete
colorectal_cancer,41,sample:TENX49,1,1,38,7,44,fixed_cohort_consensus,fixed_cohort_reference_no_fold_refit,original-artifact/02b_final_consensus,6137f1d28167bbb08f663a46f1a7c8613db7d06c0c6652e069affbaa7120ecf2,955ba2c46592b9667c2ce18fde7cff3cdad8c9ec86be766f391c2a580eb0d06a,d7854e2d822274d253d16eac331f2112998241aad4041be8334fe36261b85236,False,0.33148282766342163,0.7200484275817871,0.9290809631347656,original-artifact/fold_041,complete
colorectal_cancer,42,sample:TENX89,1,1,38,7,44,fixed_cohort_consensus,fixed_cohort_reference_no_fold_refit,original-artifact/02b_final_consensus,6137f1d28167bbb08f663a46f1a7c8613db7d06c0c6652e069affbaa7120ecf2,955ba2c46592b9667c2ce18fde7cff3cdad8c9ec86be766f391c2a580eb0d06a,d7854e2d822274d253d16eac331f2112998241aad4041be8334fe36261b85236,True,0.39722126722335815,0.7688280344009399,0.9452642202377319,original-artifact/fold_042,complete
colorectal_cancer,43,sample:TENX90,1,1,38,7,44,fixed_cohort_consensus,fixed_cohort_reference_no_fold_refit,original-artifact/02b_final_consensus,6137f1d28167bbb08f663a46f1a7c8613db7d06c0c6652e069affbaa7120ecf2,955ba2c46592b9667c2ce18fde7cff3cdad8c9ec86be766f391c2a580eb0d06a,d7854e2d822274d253d16eac331f2112998241aad4041be8334fe36261b85236,True,0.44906336069107056,0.8155000805854797,0.9299675226211548,original-artifact/fold_043,complete
colorectal_cancer,44,sample:TENX91,1,1,38,7,44,fixed_cohort_consensus,fixed_cohort_reference_no_fold_refit,original-artifact/02b_final_consensus,6137f1d28167bbb08f663a46f1a7c8613db7d06c0c6652e069affbaa7120ecf2,955ba2c46592b9667c2ce18fde7cff3cdad8c9ec86be766f391c2a580eb0d06a,d7854e2d822274d253d16eac331f2112998241aad4041be8334fe36261b85236,True,0.36245882511138916,0.5845212936401367,0.9515813589096069,original-artifact/fold_044,complete
colorectal_cancer,45,sample:TENX92,1,1,38,7,44,fixed_cohort_consensus,fixed_cohort_reference_no_fold_refit,original-artifact/02b_final_consensus,6137f1d28167bbb08f663a46f1a7c8613db7d06c0c6652e069affbaa7120ecf2,955ba2c46592b9667c2ce18fde7cff3cdad8c9ec86be766f391c2a580eb0d06a,d7854e2d822274d253d16eac331f2112998241aad4041be8334fe36261b85236,True,0.4389127194881439,0.46992090344429016,0.9312788844108582,original-artifact/fold_045,complete
cutaneous_squamous_cell_carcinoma,0,Patient 10,3,3,2,1,36,fixed_cohort_consensus,fixed_cohort_reference_no_fold_refit,original-artifact/02b_final_consensus,c63bfd2b5e972de6f9bbaabb8f0ae09afd95f21d656b67a099bf21eec1bf5956,73b5bf3c7495c71f998987c1c68f733ab3110277309f9101ff9e25601e1b39b4,d97e0f649765904c4ae5f7a079062ad588415012ff3c2003dd2c33084ccaec0f,False,0.36672794818878174,0.4222239851951599,0.9944201707839966,original-artifact/fold_000,complete
cutaneous_squamous_cell_carcinoma,1,Patient 2,3,3,2,1,36,fixed_cohort_consensus,fixed_cohort_reference_no_fold_refit,original-artifact/02b_final_consensus,c63bfd2b5e972de6f9bbaabb8f0ae09afd95f21d656b67a099bf21eec1bf5956,73b5bf3c7495c71f998987c1c68f733ab3110277309f9101ff9e25601e1b39b4,d97e0f649765904c4ae5f7a079062ad588415012ff3c2003dd2c33084ccaec0f,False,0.224269300699234,0.5751368403434753,0.9954590201377869,original-artifact/fold_001,complete
cutaneous_squamous_cell_carcinoma,2,Patient 5,3,3,2,1,36,fixed_cohort_consensus,fixed_cohort_reference_no_fold_refit,original-artifact/02b_final_consensus,c63bfd2b5e972de6f9bbaabb8f0ae09afd95f21d656b67a099bf21eec1bf5956,73b5bf3c7495c71f998987c1c68f733ab3110277309f9101ff9e25601e1b39b4,d97e0f649765904c4ae5f7a079062ad588415012ff3c2003dd2c33084ccaec0f,False,0.6564831733703613,0.38473591208457947,0.995646595954895,original-artifact/fold_002,complete
cutaneous_squamous_cell_carcinoma,3,Patient 9,3,3,2,1,36,fixed_cohort_consensus,fixed_cohort_reference_no_fold_refit,original-artifact/02b_final_consensus,c63bfd2b5e972de6f9bbaabb8f0ae09afd95f21d656b67a099bf21eec1bf5956,73b5bf3c7495c71f998987c1c68f733ab3110277309f9101ff9e25601e1b39b4,d97e0f649765904c4ae5f7a079062ad588415012ff3c2003dd2c33084ccaec0f,False,0.681424617767334,0.05765562504529953,0.9972779750823975,original-artifact/fold_003,complete
ependymoma,0,Patient 1101,1,1,8,2,32,fixed_cohort_consensus,fixed_cohort_reference_no_fold_refit,original-artifact/02b_final_consensus,9fe32bcc7cf5b129934546f5a8ca86a2b42c2dd3e232e213586cec4927ed140a,9b023a051c0bb8039cf3954b61e8763c3929ddf12cdfbccbde83cf71150b9bd3,92994b577aa91e3342e77fe451491f66d45b164c4532a451cd5eb00bae36ba81,False,0.5714894533157349,0.1474146693944931,0.9783529043197632,original-artifact/fold_000,complete
ependymoma,1,Patient 1239,1,1,8,2,32,fixed_cohort_consensus,fixed_cohort_reference_no_fold_refit,original-artifact/02b_final_consensus,9fe32bcc7cf5b129934546f5a8ca86a2b42c2dd3e232e213586cec4927ed140a,9b023a051c0bb8039cf3954b61e8763c3929ddf12cdfbccbde83cf71150b9bd3,92994b577aa91e3342e77fe451491f66d45b164c4532a451cd5eb00bae36ba81,True,0.279532253742218,0.45622313022613525,0.9879648685455322,original-artifact/fold_001,complete
ependymoma,2,Patient 1269,1,1,8,2,32,fixed_cohort_consensus,fixed_cohort_reference_no_fold_refit,original-artifact/02b_final_consensus,9fe32bcc7cf5b129934546f5a8ca86a2b42c2dd3e232e213586cec4927ed140a,9b023a051c0bb8039cf3954b61e8763c3929ddf12cdfbccbde83cf71150b9bd3,92994b577aa91e3342e77fe451491f66d45b164c4532a451cd5eb00bae36ba81,True,0.21496321260929108,0.018079614266753197,0.9871779680252075,original-artifact/fold_002,complete
ependymoma,3,Patient 1513,1,1,8,2,32,fixed_cohort_consensus,fixed_cohort_reference_no_fold_refit,original-artifact/02b_final_consensus,9fe32bcc7cf5b129934546f5a8ca86a2b42c2dd3e232e213586cec4927ed140a,9b023a051c0bb8039cf3954b61e8763c3929ddf12cdfbccbde83cf71150b9bd3,92994b577aa91e3342e77fe451491f66d45b164c4532a451cd5eb00bae36ba81,True,0.4728369116783142,0.35063472390174866,0.9789808988571167,original-artifact/fold_003,complete
ependymoma,4,Patient 459,2,2,8,2,32,fixed_cohort_consensus,fixed_cohort_reference_no_fold_refit,original-artifact/02b_final_consensus,9fe32bcc7cf5b129934546f5a8ca86a2b42c2dd3e232e213586cec4927ed140a,9b023a051c0bb8039cf3954b61e8763c3929ddf12cdfbccbde83cf71150b9bd3,92994b577aa91e3342e77fe451491f66d45b164c4532a451cd5eb00bae36ba81,False,0.39161843061447144,0.4464263916015625,0.9568214416503906,original-artifact/fold_004,complete
ependymoma,5,Patient 723,2,2,8,2,32,fixed_cohort_consensus,fixed_cohort_reference_no_fold_refit,original-artifact/02b_final_consensus,9fe32bcc7cf5b129934546f5a8ca86a2b42c2dd3e232e213586cec4927ed140a,9b023a051c0bb8039cf3954b61e8763c3929ddf12cdfbccbde83cf71150b9bd3,92994b577aa91e3342e77fe451491f66d45b164c4532a451cd5eb00bae36ba81,False,0.4289971888065338,0.43245452642440796,0.9609541893005371,original-artifact/fold_005,complete
ependymoma,6,Patient 727,1,1,8,2,32,fixed_cohort_consensus,fixed_cohort_reference_no_fold_refit,original-artifact/02b_final_consensus,9fe32bcc7cf5b129934546f5a8ca86a2b42c2dd3e232e213586cec4927ed140a,9b023a051c0bb8039cf3954b61e8763c3929ddf12cdfbccbde83cf71150b9bd3,92994b577aa91e3342e77fe451491f66d45b164c4532a451cd5eb00bae36ba81,True,0.2547042667865753,0.5209037065505981,0.9825807213783264,original-artifact/fold_006,complete
ependymoma,7,Patient 812,1,1,8,2,32,fixed_cohort_consensus,fixed_cohort_reference_no_fold_refit,original-artifact/02b_final_consensus,9fe32bcc7cf5b129934546f5a8ca86a2b42c2dd3e232e213586cec4927ed140a,9b023a051c0bb8039cf3954b61e8763c3929ddf12cdfbccbde83cf71150b9bd3,92994b577aa91e3342e77fe451491f66d45b164c4532a451cd5eb00bae36ba81,False,0.23224835097789764,0.567673921585083,0.986638605594635,original-artifact/fold_007,complete
ependymoma,8,Patient 821,1,1,8,2,32,fixed_cohort_consensus,fixed_cohort_reference_no_fold_refit,original-artifact/02b_final_consensus,9fe32bcc7cf5b129934546f5a8ca86a2b42c2dd3e232e213586cec4927ed140a,9b023a051c0bb8039cf3954b61e8763c3929ddf12cdfbccbde83cf71150b9bd3,92994b577aa91e3342e77fe451491f66d45b164c4532a451cd5eb00bae36ba81,False,0.2861350178718567,0.6527142524719238,0.9880127906799316,original-artifact/fold_008,complete
ependymoma,9,Patient 848,1,1,8,2,32,fixed_cohort_consensus,fixed_cohort_reference_no_fold_refit,original-artifact/02b_final_consensus,9fe32bcc7cf5b129934546f5a8ca86a2b42c2dd3e232e213586cec4927ed140a,9b023a051c0bb8039cf3954b61e8763c3929ddf12cdfbccbde83cf71150b9bd3,92994b577aa91e3342e77fe451491f66d45b164c4532a451cd5eb00bae36ba81,False,0.2524588704109192,0.22259488701820374,0.9845631718635559,original-artifact/fold_009,complete
ependymoma,10,Patient 928,2,2,8,2,32,fixed_cohort_consensus,fixed_cohort_reference_no_fold_refit,original-artifact/02b_final_consensus,9fe32bcc7cf5b129934546f5a8ca86a2b42c2dd3e232e213586cec4927ed140a,9b023a051c0bb8039cf3954b61e8763c3929ddf12cdfbccbde83cf71150b9bd3,92994b577aa91e3342e77fe451491f66d45b164c4532a451cd5eb00bae36ba81,False,0.5164256691932678,0.24924173951148987,0.9642162322998047,original-artifact/fold_010,complete
kidney_clear_cell_carcinoma,0,Patient 1,1,1,20,3,48,fixed_cohort_consensus,fixed_cohort_reference_no_fold_refit,original-artifact/02b_final_consensus,d67101828d4a39047ee7d1532d62ad69231b81cccd527eb2426d53ff41350d57,02d28c391d909f90a9ca507ee87306d5396b7e9d9a885813c5439ec44c355903,f9e3c2715724ffdf0d59d974583eccde2c992c3c6fcaf29b8db88b954c8be87b,False,0.33515915274620056,0.3335486352443695,0.9301285743713379,original-artifact/fold_000,complete
kidney_clear_cell_carcinoma,1,Patient 10,1,1,20,3,48,fixed_cohort_consensus,fixed_cohort_reference_no_fold_refit,original-artifact/02b_final_consensus,d67101828d4a39047ee7d1532d62ad69231b81cccd527eb2426d53ff41350d57,02d28c391d909f90a9ca507ee87306d5396b7e9d9a885813c5439ec44c355903,f9e3c2715724ffdf0d59d974583eccde2c992c3c6fcaf29b8db88b954c8be87b,True,0.34858524799346924,0.7462443113327026,0.9688510894775391,original-artifact/fold_001,complete
kidney_clear_cell_carcinoma,2,Patient 11,1,1,20,3,48,fixed_cohort_consensus,fixed_cohort_reference_no_fold_refit,original-artifact/02b_final_consensus,d67101828d4a39047ee7d1532d62ad69231b81cccd527eb2426d53ff41350d57,02d28c391d909f90a9ca507ee87306d5396b7e9d9a885813c5439ec44c355903,f9e3c2715724ffdf0d59d974583eccde2c992c3c6fcaf29b8db88b954c8be87b,False,0.32968008518218994,0.7457284927368164,0.9697975516319275,original-artifact/fold_002,complete
kidney_clear_cell_carcinoma,3,Patient 12,1,1,20,3,48,fixed_cohort_consensus,fixed_cohort_reference_no_fold_refit,original-artifact/02b_final_consensus,d67101828d4a39047ee7d1532d62ad69231b81cccd527eb2426d53ff41350d57,02d28c391d909f90a9ca507ee87306d5396b7e9d9a885813c5439ec44c355903,f9e3c2715724ffdf0d59d974583eccde2c992c3c6fcaf29b8db88b954c8be87b,False,0.27391892671585083,0.4422872066497803,0.9608820676803589,original-artifact/fold_003,complete
kidney_clear_cell_carcinoma,4,Patient 13,1,1,20,3,48,fixed_cohort_consensus,fixed_cohort_reference_no_fold_refit,original-artifact/02b_final_consensus,d67101828d4a39047ee7d1532d62ad69231b81cccd527eb2426d53ff41350d57,02d28c391d909f90a9ca507ee87306d5396b7e9d9a885813c5439ec44c355903,f9e3c2715724ffdf0d59d974583eccde2c992c3c6fcaf29b8db88b954c8be87b,True,0.3509669899940491,0.19744618237018585,0.9692426919937134,original-artifact/fold_004,complete
kidney_clear_cell_carcinoma,5,Patient 14,1,1,20,3,48,fixed_cohort_consensus,fixed_cohort_reference_no_fold_refit,original-artifact/02b_final_consensus,d67101828d4a39047ee7d1532d62ad69231b81cccd527eb2426d53ff41350d57,02d28c391d909f90a9ca507ee87306d5396b7e9d9a885813c5439ec44c355903,f9e3c2715724ffdf0d59d974583eccde2c992c3c6fcaf29b8db88b954c8be87b,False,0.1270579993724823,0.27221617102622986,0.959823727607727,original-artifact/fold_005,complete
kidney_clear_cell_carcinoma,6,Patient 15,1,1,20,3,48,fixed_cohort_consensus,fixed_cohort_reference_no_fold_refit,original-artifact/02b_final_consensus,d67101828d4a39047ee7d1532d62ad69231b81cccd527eb2426d53ff41350d57,02d28c391d909f90a9ca507ee87306d5396b7e9d9a885813c5439ec44c355903,f9e3c2715724ffdf0d59d974583eccde2c992c3c6fcaf29b8db88b954c8be87b,True,0.15475639700889587,-0.09868308901786804,0.97804856300354,original-artifact/fold_006,complete
kidney_clear_cell_carcinoma,7,Patient 16,1,1,20,3,48,fixed_cohort_consensus,fixed_cohort_reference_no_fold_refit,original-artifact/02b_final_consensus,d67101828d4a39047ee7d1532d62ad69231b81cccd527eb2426d53ff41350d57,02d28c391d909f90a9ca507ee87306d5396b7e9d9a885813c5439ec44c355903,f9e3c2715724ffdf0d59d974583eccde2c992c3c6fcaf29b8db88b954c8be87b,False,0.35441645979881287,0.39387357234954834,0.9800041317939758,original-artifact/fold_007,complete
kidney_clear_cell_carcinoma,8,Patient 17,1,1,20,3,48,fixed_cohort_consensus,fixed_cohort_reference_no_fold_refit,original-artifact/02b_final_consensus,d67101828d4a39047ee7d1532d62ad69231b81cccd527eb2426d53ff41350d57,02d28c391d909f90a9ca507ee87306d5396b7e9d9a885813c5439ec44c355903,f9e3c2715724ffdf0d59d974583eccde2c992c3c6fcaf29b8db88b954c8be87b,False,0.26944467425346375,-0.010336445644497871,0.9609280824661255,original-artifact/fold_008,complete
kidney_clear_cell_carcinoma,9,Patient 18,1,1,20,3,48,fixed_cohort_consensus,fixed_cohort_reference_no_fold_refit,original-artifact/02b_final_consensus,d67101828d4a39047ee7d1532d62ad69231b81cccd527eb2426d53ff41350d57,02d28c391d909f90a9ca507ee87306d5396b7e9d9a885813c5439ec44c355903,f9e3c2715724ffdf0d59d974583eccde2c992c3c6fcaf29b8db88b954c8be87b,False,0.3553839325904846,0.20788651704788208,0.9822016954421997,original-artifact/fold_009,complete
kidney_clear_cell_carcinoma,10,Patient 19,1,1,20,3,48,fixed_cohort_consensus,fixed_cohort_reference_no_fold_refit,original-artifact/02b_final_consensus,d67101828d4a39047ee7d1532d62ad69231b81cccd527eb2426d53ff41350d57,02d28c391d909f90a9ca507ee87306d5396b7e9d9a885813c5439ec44c355903,f9e3c2715724ffdf0d59d974583eccde2c992c3c6fcaf29b8db88b954c8be87b,True,0.2330600917339325,0.01144065149128437,0.9829257726669312,original-artifact/fold_010,complete
kidney_clear_cell_carcinoma,11,Patient 2,1,1,20,3,48,fixed_cohort_consensus,fixed_cohort_reference_no_fold_refit,original-artifact/02b_final_consensus,d67101828d4a39047ee7d1532d62ad69231b81cccd527eb2426d53ff41350d57,02d28c391d909f90a9ca507ee87306d5396b7e9d9a885813c5439ec44c355903,f9e3c2715724ffdf0d59d974583eccde2c992c3c6fcaf29b8db88b954c8be87b,True,0.11189046502113342,0.3148900270462036,0.9451422691345215,original-artifact/fold_011,complete
kidney_clear_cell_carcinoma,12,Patient 20,1,1,20,3,48,fixed_cohort_consensus,fixed_cohort_reference_no_fold_refit,original-artifact/02b_final_consensus,d67101828d4a39047ee7d1532d62ad69231b81cccd527eb2426d53ff41350d57,02d28c391d909f90a9ca507ee87306d5396b7e9d9a885813c5439ec44c355903,f9e3c2715724ffdf0d59d974583eccde2c992c3c6fcaf29b8db88b954c8be87b,True,0.32252025604248047,0.11173005402088165,0.980057954788208,original-artifact/fold_012,complete
kidney_clear_cell_carcinoma,13,Patient 21,1,1,20,3,48,fixed_cohort_consensus,fixed_cohort_reference_no_fold_refit,original-artifact/02b_final_consensus,d67101828d4a39047ee7d1532d62ad69231b81cccd527eb2426d53ff41350d57,02d28c391d909f90a9ca507ee87306d5396b7e9d9a885813c5439ec44c355903,f9e3c2715724ffdf0d59d974583eccde2c992c3c6fcaf29b8db88b954c8be87b,True,0.28777146339416504,-0.41444677114486694,0.9673819541931152,original-artifact/fold_013,complete
kidney_clear_cell_carcinoma,14,Patient 22,1,1,20,3,48,fixed_cohort_consensus,fixed_cohort_reference_no_fold_refit,original-artifact/02b_final_consensus,d67101828d4a39047ee7d1532d62ad69231b81cccd527eb2426d53ff41350d57,02d28c391d909f90a9ca507ee87306d5396b7e9d9a885813c5439ec44c355903,f9e3c2715724ffdf0d59d974583eccde2c992c3c6fcaf29b8db88b954c8be87b,True,0.25456565618515015,0.4859122931957245,0.9806069731712341,original-artifact/fold_014,complete
kidney_clear_cell_carcinoma,15,Patient 23,1,1,20,3,48,fixed_cohort_consensus,fixed_cohort_reference_no_fold_refit,original-artifact/02b_final_consensus,d67101828d4a39047ee7d1532d62ad69231b81cccd527eb2426d53ff41350d57,02d28c391d909f90a9ca507ee87306d5396b7e9d9a885813c5439ec44c355903,f9e3c2715724ffdf0d59d974583eccde2c992c3c6fcaf29b8db88b954c8be87b,True,0.4278968274593353,-0.2324330359697342,0.975844144821167,original-artifact/fold_015,complete
kidney_clear_cell_carcinoma,16,Patient 24,1,1,20,3,48,fixed_cohort_consensus,fixed_cohort_reference_no_fold_refit,original-artifact/02b_final_consensus,d67101828d4a39047ee7d1532d62ad69231b81cccd527eb2426d53ff41350d57,02d28c391d909f90a9ca507ee87306d5396b7e9d9a885813c5439ec44c355903,f9e3c2715724ffdf0d59d974583eccde2c992c3c6fcaf29b8db88b954c8be87b,True,0.3072073757648468,0.37012138962745667,0.9754824638366699,original-artifact/fold_016,complete
kidney_clear_cell_carcinoma,17,Patient 3,1,1,20,3,48,fixed_cohort_consensus,fixed_cohort_reference_no_fold_refit,original-artifact/02b_final_consensus,d67101828d4a39047ee7d1532d62ad69231b81cccd527eb2426d53ff41350d57,02d28c391d909f90a9ca507ee87306d5396b7e9d9a885813c5439ec44c355903,f9e3c2715724ffdf0d59d974583eccde2c992c3c6fcaf29b8db88b954c8be87b,True,0.358272910118103,0.558773934841156,0.9724298715591431,original-artifact/fold_017,complete
kidney_clear_cell_carcinoma,18,Patient 4,1,1,20,3,48,fixed_cohort_consensus,fixed_cohort_reference_no_fold_refit,original-artifact/02b_final_consensus,d67101828d4a39047ee7d1532d62ad69231b81cccd527eb2426d53ff41350d57,02d28c391d909f90a9ca507ee87306d5396b7e9d9a885813c5439ec44c355903,f9e3c2715724ffdf0d59d974583eccde2c992c3c6fcaf29b8db88b954c8be87b,False,0.11928119510412216,0.6101469397544861,0.9724463224411011,original-artifact/fold_018,complete
kidney_clear_cell_carcinoma,19,Patient 5,1,1,20,3,48,fixed_cohort_consensus,fixed_cohort_reference_no_fold_refit,original-artifact/02b_final_consensus,d67101828d4a39047ee7d1532d62ad69231b81cccd527eb2426d53ff41350d57,02d28c391d909f90a9ca507ee87306d5396b7e9d9a885813c5439ec44c355903,f9e3c2715724ffdf0d59d974583eccde2c992c3c6fcaf29b8db88b954c8be87b,False,0.21188075840473175,0.13857115805149078,0.875786542892456,original-artifact/fold_019,complete
kidney_clear_cell_carcinoma,20,Patient 6,1,1,20,3,48,fixed_cohort_consensus,fixed_cohort_reference_no_fold_refit,original-artifact/02b_final_consensus,d67101828d4a39047ee7d1532d62ad69231b81cccd527eb2426d53ff41350d57,02d28c391d909f90a9ca507ee87306d5396b7e9d9a885813c5439ec44c355903,f9e3c2715724ffdf0d59d974583eccde2c992c3c6fcaf29b8db88b954c8be87b,False,0.2697659730911255,0.6049304008483887,0.9716966152191162,original-artifact/fold_020,complete
kidney_clear_cell_carcinoma,21,Patient 7,1,1,20,3,48,fixed_cohort_consensus,fixed_cohort_reference_no_fold_refit,original-artifact/02b_final_consensus,d67101828d4a39047ee7d1532d62ad69231b81cccd527eb2426d53ff41350d57,02d28c391d909f90a9ca507ee87306d5396b7e9d9a885813c5439ec44c355903,f9e3c2715724ffdf0d59d974583eccde2c992c3c6fcaf29b8db88b954c8be87b,False,0.28246408700942993,0.3711841106414795,0.94502192735672,original-artifact/fold_021,complete
kidney_clear_cell_carcinoma,22,Patient 8,1,1,20,3,48,fixed_cohort_consensus,fixed_cohort_reference_no_fold_refit,original-artifact/02b_final_consensus,d67101828d4a39047ee7d1532d62ad69231b81cccd527eb2426d53ff41350d57,02d28c391d909f90a9ca507ee87306d5396b7e9d9a885813c5439ec44c355903,f9e3c2715724ffdf0d59d974583eccde2c992c3c6fcaf29b8db88b954c8be87b,False,0.2817571759223938,0.3619042634963989,0.9533767700195312,original-artifact/fold_022,complete
kidney_clear_cell_carcinoma,23,Patient 9,1,1,20,3,48,fixed_cohort_consensus,fixed_cohort_reference_no_fold_refit,original-artifact/02b_final_consensus,d67101828d4a39047ee7d1532d62ad69231b81cccd527eb2426d53ff41350d57,02d28c391d909f90a9ca507ee87306d5396b7e9d9a885813c5439ec44c355903,f9e3c2715724ffdf0d59d974583eccde2c992c3c6fcaf29b8db88b954c8be87b,False,0.3315276503562927,0.28743430972099304,0.943325400352478,original-artifact/fold_023,complete
lung_adenocarcinoma,0,sample:TENX163,1,1,3,1,48,fixed_cohort_consensus,fixed_cohort_reference_no_fold_refit,original-artifact/02b_final_consensus,7c5719b74bdd4d0c25f262d05aa151a5283ca0f05d25cf6abeb02a17991d799a,c1bacc2e09591dfe7d4fdbdcbe808c5a5439d03286baf35b5c65c77c9fe22ff6,8ea6ba8788f3f01cc02ee8e4590d8fc44dc18a02f48330b248332265b8263a63,False,0.6332882642745972,0.2686992287635803,0.9995969533920288,original-artifact/fold_000,complete
lung_adenocarcinoma,1,sample:TENX168,1,1,3,1,48,fixed_cohort_consensus,fixed_cohort_reference_no_fold_refit,original-artifact/02b_final_consensus,7c5719b74bdd4d0c25f262d05aa151a5283ca0f05d25cf6abeb02a17991d799a,c1bacc2e09591dfe7d4fdbdcbe808c5a5439d03286baf35b5c65c77c9fe22ff6,8ea6ba8788f3f01cc02ee8e4590d8fc44dc18a02f48330b248332265b8263a63,False,0.6504292488098145,0.5281655788421631,0.9996932744979858,original-artifact/fold_001,complete
lung_adenocarcinoma,2,sample:TENX169,1,1,3,1,48,fixed_cohort_consensus,fixed_cohort_reference_no_fold_refit,original-artifact/02b_final_consensus,7c5719b74bdd4d0c25f262d05aa151a5283ca0f05d25cf6abeb02a17991d799a,c1bacc2e09591dfe7d4fdbdcbe808c5a5439d03286baf35b5c65c77c9fe22ff6,8ea6ba8788f3f01cc02ee8e4590d8fc44dc18a02f48330b248332265b8263a63,False,0.3187352418899536,0.6036866903305054,0.9997754693031311,original-artifact/fold_002,complete
lung_adenocarcinoma,3,sample:TENX170,1,1,3,1,48,fixed_cohort_consensus,fixed_cohort_reference_no_fold_refit,original-artifact/02b_final_consensus,7c5719b74bdd4d0c25f262d05aa151a5283ca0f05d25cf6abeb02a17991d799a,c1bacc2e09591dfe7d4fdbdcbe808c5a5439d03286baf35b5c65c77c9fe22ff6,8ea6ba8788f3f01cc02ee8e4590d8fc44dc18a02f48330b248332265b8263a63,False,0.6522777676582336,0.6039921641349792,0.9996961951255798,original-artifact/fold_003,complete
lung_adenocarcinoma,4,sample:TENX171,1,1,3,1,48,fixed_cohort_consensus,fixed_cohort_reference_no_fold_refit,original-artifact/02b_final_consensus,7c5719b74bdd4d0c25f262d05aa151a5283ca0f05d25cf6abeb02a17991d799a,c1bacc2e09591dfe7d4fdbdcbe808c5a5439d03286baf35b5c65c77c9fe22ff6,8ea6ba8788f3f01cc02ee8e4590d8fc44dc18a02f48330b248332265b8263a63,False,0.6245054006576538,0.5477477312088013,0.9997389316558838,original-artifact/fold_004,complete
pancreatic_adenocarcinoma,0,sample:NCBI569,1,1,2,1,48,fixed_cohort_consensus,fixed_cohort_reference_no_fold_refit,original-artifact/02b_final_consensus,f1aedd615805cca83efbc4d728a101bfc2cf0418b09655b846b9989cdd344ab6,a18624e3fb6fd42e4a46f32e58b4f39a5ab93c9864eb6846ba305ffe106ec6de,8e6e16d58c4226a7787152aeab430916563b3b59944956adf5ee9083527cecee,False,0.20244260132312775,0.24810853600502014,0.9997895359992981,original-artifact/fold_000,complete
pancreatic_adenocarcinoma,1,sample:NCBI570,1,1,2,1,48,fixed_cohort_consensus,fixed_cohort_reference_no_fold_refit,original-artifact/02b_final_consensus,f1aedd615805cca83efbc4d728a101bfc2cf0418b09655b846b9989cdd344ab6,a18624e3fb6fd42e4a46f32e58b4f39a5ab93c9864eb6846ba305ffe106ec6de,8e6e16d58c4226a7787152aeab430916563b3b59944956adf5ee9083527cecee,False,0.3587825894355774,0.16502848267555237,0.9984135031700134,original-artifact/fold_001,complete
pancreatic_adenocarcinoma,2,sample:NCBI571,1,1,2,1,48,fixed_cohort_consensus,fixed_cohort_reference_no_fold_refit,original-artifact/02b_final_consensus,f1aedd615805cca83efbc4d728a101bfc2cf0418b09655b846b9989cdd344ab6,a18624e3fb6fd42e4a46f32e58b4f39a5ab93c9864eb6846ba305ffe106ec6de,8e6e16d58c4226a7787152aeab430916563b3b59944956adf5ee9083527cecee,False,0.3723565936088562,-0.15858295559883118,0.9999272227287292,original-artifact/fold_002,complete
pancreatic_adenocarcinoma,3,sample:NCBI572,1,1,2,1,48,fixed_cohort_consensus,fixed_cohort_reference_no_fold_refit,original-artifact/02b_final_consensus,f1aedd615805cca83efbc4d728a101bfc2cf0418b09655b846b9989cdd344ab6,a18624e3fb6fd42e4a46f32e58b4f39a5ab93c9864eb6846ba305ffe106ec6de,8e6e16d58c4226a7787152aeab430916563b3b59944956adf5ee9083527cecee,False,0.2945234477519989,0.37194910645484924,0.9998308420181274,original-artifact/fold_003,complete
prostate_adenocarcinoma,0,sample:INT25,1,1,6,1,48,fixed_cohort_consensus,fixed_cohort_reference_no_fold_refit,original-artifact/02b_final_consensus,9e1e2f2d74fde75167e65c1d0f31c66ce720e51d9cd24b43574c077ec5b6e59d,6968431850c06d41151b888ffee14c4ba2dc949398d165fc3511f80d3eecef33,0278369c0100f01635aab0cdbb93697affebf608691116ee2eefca39bc22f715,True,0.699518084526062,0.2721936106681824,0.9912132024765015,original-artifact/fold_000,complete
prostate_adenocarcinoma,1,sample:INT26,1,1,6,1,48,fixed_cohort_consensus,fixed_cohort_reference_no_fold_refit,original-artifact/02b_final_consensus,9e1e2f2d74fde75167e65c1d0f31c66ce720e51d9cd24b43574c077ec5b6e59d,6968431850c06d41151b888ffee14c4ba2dc949398d165fc3511f80d3eecef33,0278369c0100f01635aab0cdbb93697affebf608691116ee2eefca39bc22f715,False,0.8961330056190491,0.7642911672592163,0.9942840933799744,original-artifact/fold_001,complete
prostate_adenocarcinoma,2,sample:INT27,1,1,6,1,48,fixed_cohort_consensus,fixed_cohort_reference_no_fold_refit,original-artifact/02b_final_consensus,9e1e2f2d74fde75167e65c1d0f31c66ce720e51d9cd24b43574c077ec5b6e59d,6968431850c06d41151b888ffee14c4ba2dc949398d165fc3511f80d3eecef33,0278369c0100f01635aab0cdbb93697affebf608691116ee2eefca39bc22f715,False,0.5930925607681274,0.828229546546936,0.99651038646698,original-artifact/fold_002,complete
prostate_adenocarcinoma,3,sample:INT28,1,1,6,1,48,fixed_cohort_consensus,fixed_cohort_reference_no_fold_refit,original-artifact/02b_final_consensus,9e1e2f2d74fde75167e65c1d0f31c66ce720e51d9cd24b43574c077ec5b6e59d,6968431850c06d41151b888ffee14c4ba2dc949398d165fc3511f80d3eecef33,0278369c0100f01635aab0cdbb93697affebf608691116ee2eefca39bc22f715,True,0.7786960601806641,0.7093586325645447,0.9968608617782593,original-artifact/fold_003,complete
prostate_adenocarcinoma,4,sample:INT35,1,1,6,1,48,fixed_cohort_consensus,fixed_cohort_reference_no_fold_refit,original-artifact/02b_final_consensus,9e1e2f2d74fde75167e65c1d0f31c66ce720e51d9cd24b43574c077ec5b6e59d,6968431850c06d41151b888ffee14c4ba2dc949398d165fc3511f80d3eecef33,0278369c0100f01635aab0cdbb93697affebf608691116ee2eefca39bc22f715,True,0.8684351444244385,0.05297710373997688,0.9943568706512451,original-artifact/fold_004,complete
prostate_adenocarcinoma,5,sample:TENX174,1,1,6,1,48,fixed_cohort_consensus,fixed_cohort_reference_no_fold_refit,original-artifact/02b_final_consensus,9e1e2f2d74fde75167e65c1d0f31c66ce720e51d9cd24b43574c077ec5b6e59d,6968431850c06d41151b888ffee14c4ba2dc949398d165fc3511f80d3eecef33,0278369c0100f01635aab0cdbb93697affebf608691116ee2eefca39bc22f715,False,0.7098361253738403,0.4918097257614136,0.9997495412826538,original-artifact/fold_005,complete
prostate_adenocarcinoma,6,sample:TENX40,1,1,6,1,48,fixed_cohort_consensus,fixed_cohort_reference_no_fold_refit,original-artifact/02b_final_consensus,9e1e2f2d74fde75167e65c1d0f31c66ce720e51d9cd24b43574c077ec5b6e59d,6968431850c06d41151b888ffee14c4ba2dc949398d165fc3511f80d3eecef33,0278369c0100f01635aab0cdbb93697affebf608691116ee2eefca39bc22f715,True,0.3356149196624756,0.6569690108299255,0.9984383583068848,original-artifact/fold_006,complete
prostate_adenocarcinoma,7,sample:TENX46,1,1,6,1,48,fixed_cohort_consensus,fixed_cohort_reference_no_fold_refit,original-artifact/02b_final_consensus,9e1e2f2d74fde75167e65c1d0f31c66ce720e51d9cd24b43574c077ec5b6e59d,6968431850c06d41151b888ffee14c4ba2dc949398d165fc3511f80d3eecef33,0278369c0100f01635aab0cdbb93697affebf608691116ee2eefca39bc22f715,True,0.8153067231178284,0.3348287343978882,0.9984468221664429,original-artifact/fold_007,complete
