tissue_key,fold_index,heldout_patient,programs,validation_gene_pcc_10k,test_gene_pcc_10k,inr_accepted,checkpoint_relative_path,checkpoint_bytes,checkpoint_sha256,fixed_reference_sha256
bladder_cancer,0,Patient 1,48,0.435946524143219,0.016338013112545013,True,runs\bladder_cancer\fold_000\mapper\model_checkpoint.pt,21204643,247fa6cf65a70498fea673e764dc620496cbcc378bbb84201d9905af9a9c5144,0dd2941fdf54f27aac716bac51dc6f80c7c96f25e51bfca700cd1c9f85e12b62
bladder_cancer,1,Patient 10,48,0.39668789505958557,0.06821796298027039,False,runs\bladder_cancer\fold_001\mapper\model_checkpoint.pt,21048768,cd1be7ea606d304bed5a93ab73dd3457215faa6ff78dc949cc4a51466e4e00b0,0dd2941fdf54f27aac716bac51dc6f80c7c96f25e51bfca700cd1c9f85e12b62
bladder_cancer,2,Patient 2,48,0.026492979377508163,0.14667464792728424,False,runs\bladder_cancer\fold_002\mapper\model_checkpoint.pt,21048768,0be5cfb544fdd287b84bb02b36a4b87d3780ad42242d25e9386d348a738cda46,0dd2941fdf54f27aac716bac51dc6f80c7c96f25e51bfca700cd1c9f85e12b62
bladder_cancer,3,Patient 3,48,0.14709725975990295,-0.07826726138591766,False,runs\bladder_cancer\fold_003\mapper\model_checkpoint.pt,21048768,b486703b4cc1e837279ef7882353a1b5cfd29806cc341aa1dab7649385ff130e,0dd2941fdf54f27aac716bac51dc6f80c7c96f25e51bfca700cd1c9f85e12b62
bladder_cancer,4,Patient 4,48,0.15407229959964752,-0.2251453995704651,True,runs\bladder_cancer\fold_004\mapper\model_checkpoint.pt,21204643,41f68b7827f974daacf2fa91cdcfba1fdf5a040d95d9bfd9dea4c22301a0520d,0dd2941fdf54f27aac716bac51dc6f80c7c96f25e51bfca700cd1c9f85e12b62
breast_cancer,0,GSE210616:092,44,0.45914149284362793,0.5492377281188965,True,runs\breast_cancer\fold_000\mapper\model_checkpoint.pt,21160931,4ba8f85e91afcbdf78bcfe21f756e1e6023a441764a6df57f9ca2809111aab85,1e8e3e879eb836571fe8a05c3db493511e53db1db31b64a51e2983b638c8eebd
breast_cancer,1,GSE210616:093,44,0.4501504898071289,0.39982718229293823,False,runs\breast_cancer\fold_001\mapper\model_checkpoint.pt,21009216,053a3ca4d8d56257cd642086547770ff879f7682b86ff26f4bbdc7ab84369551,1e8e3e879eb836571fe8a05c3db493511e53db1db31b64a51e2983b638c8eebd
breast_cancer,2,GSE210616:094,44,0.37830328941345215,0.40713340044021606,True,runs\breast_cancer\fold_002\mapper\model_checkpoint.pt,21160931,e1582c3e863b5a6f4afce2fa47c418eb2d2b49b11f3deeb7b52426ad3f4bf9db,1e8e3e879eb836571fe8a05c3db493511e53db1db31b64a51e2983b638c8eebd
breast_cancer,3,GSE210616:095,44,0.36475804448127747,0.33431172370910645,True,runs\breast_cancer\fold_003\mapper\model_checkpoint.pt,21160931,008cb05549d73dd060b717cd32e2d6b229eee2ce20b92d97b34bb011d4debc8d,1e8e3e879eb836571fe8a05c3db493511e53db1db31b64a51e2983b638c8eebd
breast_cancer,4,GSE210616:117,44,0.4126947522163391,0.47959890961647034,False,runs\breast_cancer\fold_004\mapper\model_checkpoint.pt,21009216,7f81bb0f29b81b8fb9d5fae8bd5cf8507c5b7bb965cc1997331bbd159ff4db69,1e8e3e879eb836571fe8a05c3db493511e53db1db31b64a51e2983b638c8eebd
breast_cancer,5,GSE210616:118,44,0.4122803509235382,0.3491063117980957,False,runs\breast_cancer\fold_005\mapper\model_checkpoint.pt,21009216,ea95f95d13f7f0cc3b517313bae90d77ec6f4a6ef4456b93182b25e3fa21c943,1e8e3e879eb836571fe8a05c3db493511e53db1db31b64a51e2983b638c8eebd
breast_cancer,6,GSE210616:119,44,0.3958870768547058,0.4705139994621277,True,runs\breast_cancer\fold_006\mapper\model_checkpoint.pt,21160931,534c8e56dceeeaffc2e56cd00c64562df6ef4ab21784dee2ecee44ca625e83d5,1e8e3e879eb836571fe8a05c3db493511e53db1db31b64a51e2983b638c8eebd
breast_cancer,7,GSE210616:120,44,0.4541892409324646,0.27955567836761475,True,runs\breast_cancer\fold_007\mapper\model_checkpoint.pt,21160931,95d635d197caed06f1a995801eb7876a35fc4e17e2eb1abfb20b6d4e7b7587d5,1e8e3e879eb836571fe8a05c3db493511e53db1db31b64a51e2983b638c8eebd
breast_cancer,8,GSE210616:395,44,0.42749571800231934,0.564480185508728,False,runs\breast_cancer\fold_008\mapper\model_checkpoint.pt,21009216,567c7311474aa1816a5d40b45c9025dd20bf4c49c2584e04fe8fa9635c6b3d95,1e8e3e879eb836571fe8a05c3db493511e53db1db31b64a51e2983b638c8eebd
breast_cancer,9,GSE210616:396,44,0.42622125148773193,0.42132318019866943,False,runs\breast_cancer\fold_009\mapper\model_checkpoint.pt,21009216,635248bd0347af98349cbffcfa7d285d47c5eb1c43ad0f81bc1a7cdb9d5d5453,1e8e3e879eb836571fe8a05c3db493511e53db1db31b64a51e2983b638c8eebd
breast_cancer,10,GSE210616:397,44,0.4819873571395874,0.5255113840103149,True,runs\breast_cancer\fold_010\mapper\model_checkpoint.pt,21160931,455a697425e814289c16114d9defafc26d7a0a16a8accda0758ad8e8c37b54a8,1e8e3e879eb836571fe8a05c3db493511e53db1db31b64a51e2983b638c8eebd
breast_cancer,11,GSE210616:398,44,0.4876769781112671,0.6075671315193176,True,runs\breast_cancer\fold_011\mapper\model_checkpoint.pt,21160931,a25781a5bc6a3ebd2b9f130725f74f6a1acef94916699f494085fdb4cf6be10e,1e8e3e879eb836571fe8a05c3db493511e53db1db31b64a51e2983b638c8eebd
breast_cancer,12,GSE213688:V10A20-084,44,0.3507898449897766,0.3675994277000427,True,runs\breast_cancer\fold_012\mapper\model_checkpoint.pt,21160931,6c52d0c33107b6c776576d29ae665e388ee9aad4588c8cdf571232b3d1f523f6,1e8e3e879eb836571fe8a05c3db493511e53db1db31b64a51e2983b638c8eebd
breast_cancer,13,GSE213688:V10A20-085,44,0.41835111379623413,0.16830846667289734,False,runs\breast_cancer\fold_013\mapper\model_checkpoint.pt,21009216,20627d23d6a5b11cfdde6f6d6a55e507dacb7d29b53caddd8ec09d4439c730b9,1e8e3e879eb836571fe8a05c3db493511e53db1db31b64a51e2983b638c8eebd
breast_cancer,14,GSE213688:V10A20-113,44,0.36763885617256165,0.4646967053413391,False,runs\breast_cancer\fold_014\mapper\model_checkpoint.pt,21009216,e1bfac9d306186f237ad849a95edd58dc851990afa1cb512f51e6e6ad57089a7,1e8e3e879eb836571fe8a05c3db493511e53db1db31b64a51e2983b638c8eebd
breast_cancer,15,GSE213688:V11-J13-037,44,0.4207727909088135,0.4046248197555542,True,runs\breast_cancer\fold_015\mapper\model_checkpoint.pt,21160931,7f9a3ad42f269872d1d4a305aeb5f1baf65ae4ea2a833febc24e9e988ab878b1,1e8e3e879eb836571fe8a05c3db493511e53db1db31b64a51e2983b638c8eebd
breast_cancer,16,HEST:0BE3D6734FD4:UNKNOWN,44,0.4163323938846588,0.6318326592445374,True,runs\breast_cancer\fold_016\mapper\model_checkpoint.pt,21160931,435619c58339bc7bd2f1cf30be670a94fb19debe452a0ffc31a551acd7717080,1e8e3e879eb836571fe8a05c3db493511e53db1db31b64a51e2983b638c8eebd
breast_cancer,17,HEST:10E1AE2B5361:UNKNOWN,44,0.46850231289863586,0.5441975593566895,True,runs\breast_cancer\fold_017\mapper\model_checkpoint.pt,21160931,70f61f93e40757682de2868f816329d5624cac86adafe24ec0da1ace300ba0e0,1e8e3e879eb836571fe8a05c3db493511e53db1db31b64a51e2983b638c8eebd
breast_cancer,18,HEST:1E3BF21A1107:UNKNOWN,44,0.42297685146331787,0.4981927275657654,True,runs\breast_cancer\fold_018\mapper\model_checkpoint.pt,21160931,092e5f725bbcd8e133fe040b03b7c839a37f47795543fea6fce55901e4f401ca,1e8e3e879eb836571fe8a05c3db493511e53db1db31b64a51e2983b638c8eebd
breast_cancer,19,HEST:2136B2E3823F:BC23209,44,0.36008337140083313,0.2957844138145447,False,runs\breast_cancer\fold_019\mapper\model_checkpoint.pt,21009216,3e3d3b798c97cd81728b75c8f7801c5cf9beff44aa5e74955e5692a657324afc,1e8e3e879eb836571fe8a05c3db493511e53db1db31b64a51e2983b638c8eebd
breast_cancer,20,HEST:2136B2E3823F:BC23268,44,0.4367450773715973,0.8979015946388245,True,runs\breast_cancer\fold_020\mapper\model_checkpoint.pt,21160931,1708e87352f5c4317649339625ce658af4fce9b26d60e2356f5a6eebf8a60760,1e8e3e879eb836571fe8a05c3db493511e53db1db31b64a51e2983b638c8eebd
breast_cancer,21,HEST:2136B2E3823F:BC23269,44,0.4050886034965515,0.5982362627983093,True,runs\breast_cancer\fold_021\mapper\model_checkpoint.pt,21160931,3ea9758d36697485d2f969a9f64d1c5d6c5a38245c655613a841d140923779e0,1e8e3e879eb836571fe8a05c3db493511e53db1db31b64a51e2983b638c8eebd
breast_cancer,22,HEST:2136B2E3823F:BC23270,44,0.4215521514415741,0.419425368309021,False,runs\breast_cancer\fold_022\mapper\model_checkpoint.pt,21009216,db337637abacb3b1a18253e5036f20a0001197ca9088f1b38b4107c69f85686c,1e8e3e879eb836571fe8a05c3db493511e53db1db31b64a51e2983b638c8eebd
breast_cancer,23,HEST:2136B2E3823F:BC23272,44,0.4366982877254486,0.4239291846752167,True,runs\breast_cancer\fold_023\mapper\model_checkpoint.pt,21160931,031a8844a722052b3e0cdbf81024f35029babcad093548944135d9360fc0dcdb,1e8e3e879eb836571fe8a05c3db493511e53db1db31b64a51e2983b638c8eebd
breast_cancer,24,HEST:2136B2E3823F:BC23277,44,0.4039890170097351,-0.06783806532621384,True,runs\breast_cancer\fold_024\mapper\model_checkpoint.pt,21160931,a03fbc248ef3c9922fc70c7f123ce36b3e66ceec7fdbc976c598a44b82f53793,1e8e3e879eb836571fe8a05c3db493511e53db1db31b64a51e2983b638c8eebd
breast_cancer,25,HEST:2136B2E3823F:BC23287,44,0.5161265134811401,0.8343275785446167,False,runs\breast_cancer\fold_025\mapper\model_checkpoint.pt,21009216,06433342955893fe9c02cba1410818cfcf069057400583f0b0ecf5a7c039a00e,1e8e3e879eb836571fe8a05c3db493511e53db1db31b64a51e2983b638c8eebd
breast_cancer,26,HEST:2136B2E3823F:BC23288,44,0.4707750678062439,-0.26113903522491455,False,runs\breast_cancer\fold_026\mapper\model_checkpoint.pt,21009216,2ac6e693b8c2befad00ef06d9e813903522f83b582a4be734019f943daca9986,1e8e3e879eb836571fe8a05c3db493511e53db1db31b64a51e2983b638c8eebd
breast_cancer,27,HEST:2136B2E3823F:BC23377,44,0.41310393810272217,0.14631925523281097,False,runs\breast_cancer\fold_027\mapper\model_checkpoint.pt,21009216,5389ba7c85ad0c4461c303d56d54433f80a234c985c046be7c4423241d374ca0,1e8e3e879eb836571fe8a05c3db493511e53db1db31b64a51e2983b638c8eebd
breast_cancer,28,HEST:2136B2E3823F:BC23450,44,0.4219157099723816,0.17950581014156342,True,runs\breast_cancer\fold_028\mapper\model_checkpoint.pt,21160931,7db1feb966f7acd6577f9760575aa9bee316265f77aad09edd4938d89933af81,1e8e3e879eb836571fe8a05c3db493511e53db1db31b64a51e2983b638c8eebd
breast_cancer,29,HEST:2136B2E3823F:BC23506,44,0.33189627528190613,-0.3416944742202759,True,runs\breast_cancer\fold_029\mapper\model_checkpoint.pt,21160931,a404b3bce0bfa243f20fbe36d94adb05cf59c7590ba5e89e9138a96a2a78e96a,1e8e3e879eb836571fe8a05c3db493511e53db1db31b64a51e2983b638c8eebd
breast_cancer,30,HEST:2136B2E3823F:BC23508,44,0.4798322319984436,0.4900542199611664,False,runs\breast_cancer\fold_030\mapper\model_checkpoint.pt,21009216,c0393c254aef26eb703a9a0ca817c03b9f0c1d1388e687c320c352feaa1c82f1,1e8e3e879eb836571fe8a05c3db493511e53db1db31b64a51e2983b638c8eebd
breast_cancer,31,HEST:2136B2E3823F:BC23567,44,0.3998841345310211,0.33804193139076233,True,runs\breast_cancer\fold_031\mapper\model_checkpoint.pt,21160931,a4f5c671d19c1164ae89e3322798b68c28657d671135727291d9c0369712d878,1e8e3e879eb836571fe8a05c3db493511e53db1db31b64a51e2983b638c8eebd
breast_cancer,32,HEST:2136B2E3823F:BC23803,44,0.4512941241264343,0.15663884580135345,True,runs\breast_cancer\fold_032\mapper\model_checkpoint.pt,21160931,b2963ed842700623d0a370a70132da12ee8ff48fa1a4e85dc49d7908130e1ed0,1e8e3e879eb836571fe8a05c3db493511e53db1db31b64a51e2983b638c8eebd
breast_cancer,33,HEST:2136B2E3823F:BC23810,44,0.41682085394859314,0.3782840967178345,True,runs\breast_cancer\fold_033\mapper\model_checkpoint.pt,21160931,c35364dbbac7674f6c9ea933d0352bd28e9357916410fe9c1a60af37cea6e83a,1e8e3e879eb836571fe8a05c3db493511e53db1db31b64a51e2983b638c8eebd
breast_cancer,34,HEST:2136B2E3823F:BC23895,44,0.38322651386260986,-0.1833844780921936,True,runs\breast_cancer\fold_034\mapper\model_checkpoint.pt,21160931,3d9a8d2144d23c7b98eeade011bafe7350a7caef819c040ac72e9fb171b2ae37,1e8e3e879eb836571fe8a05c3db493511e53db1db31b64a51e2983b638c8eebd
breast_cancer,35,HEST:2136B2E3823F:BC23901,44,0.4142916202545166,0.0019875920843333006,True,runs\breast_cancer\fold_035\mapper\model_checkpoint.pt,21160931,b816b98a43e7e06a4486b4616f5b61c3f80472b576b7dcc23700012d12f09169,1e8e3e879eb836571fe8a05c3db493511e53db1db31b64a51e2983b638c8eebd
breast_cancer,36,HEST:2136B2E3823F:BC23903,44,0.41659972071647644,0.7470362186431885,True,runs\breast_cancer\fold_036\mapper\model_checkpoint.pt,21160931,84e19b1a7447b9bdfc41fab409b669ca72e6f031627461dfdb504f80619e5b53,1e8e3e879eb836571fe8a05c3db493511e53db1db31b64a51e2983b638c8eebd
breast_cancer,37,HEST:2136B2E3823F:BC23944,44,0.38630229234695435,0.31509092450141907,False,runs\breast_cancer\fold_037\mapper\model_checkpoint.pt,21009216,f6a3734e638f03d931772878ac49caaf0f1ae10ec5290f1aae662ba535b82f60,1e8e3e879eb836571fe8a05c3db493511e53db1db31b64a51e2983b638c8eebd
breast_cancer,38,HEST:2136B2E3823F:BC24044,44,0.5154992341995239,0.6158533096313477,False,runs\breast_cancer\fold_038\mapper\model_checkpoint.pt,21009216,be5303261f61f86b2cfe38bffc1673a81041c36e2c413d245e09064473d859aa,1e8e3e879eb836571fe8a05c3db493511e53db1db31b64a51e2983b638c8eebd
breast_cancer,39,HEST:2136B2E3823F:BC24105,44,0.4833565354347229,0.0010718541452661157,False,runs\breast_cancer\fold_039\mapper\model_checkpoint.pt,21009216,04eb7559e294f828e81a60b707e554facfe0a9c2400b8e675d75a11132912b65,1e8e3e879eb836571fe8a05c3db493511e53db1db31b64a51e2983b638c8eebd
breast_cancer,40,HEST:2136B2E3823F:BC24220,44,0.3950302004814148,0.30688583850860596,False,runs\breast_cancer\fold_040\mapper\model_checkpoint.pt,21009216,85430cc0af72e785986ed1d6b7897bd0af581fa2168196f7c131fdd2ef476aa7,1e8e3e879eb836571fe8a05c3db493511e53db1db31b64a51e2983b638c8eebd
breast_cancer,41,HEST:2136B2E3823F:BC24223,44,0.3607078194618225,0.12802624702453613,True,runs\breast_cancer\fold_041\mapper\model_checkpoint.pt,21160931,6f81247005e902a246f64ae54d0875394696c8e19891ddee1663a7151bc42f7b,1e8e3e879eb836571fe8a05c3db493511e53db1db31b64a51e2983b638c8eebd
breast_cancer,42,HEST:251E35BD8C43:UNKNOWN,44,0.35423046350479126,0.5096184611320496,True,runs\breast_cancer\fold_042\mapper\model_checkpoint.pt,21160931,ace9fd9cd17ad8ca79c902bdf97b32e47dabd962df5218c48739977b401d190f,1e8e3e879eb836571fe8a05c3db493511e53db1db31b64a51e2983b638c8eebd
breast_cancer,43,HEST:27FD7DAFED0C:UNKNOWN,44,0.34883129596710205,0.48977670073509216,True,runs\breast_cancer\fold_043\mapper\model_checkpoint.pt,21160931,c8535124d42417722b7bd387d077206f833bee0ef4c8995bb87fd315bde5558e,1e8e3e879eb836571fe8a05c3db493511e53db1db31b64a51e2983b638c8eebd
breast_cancer,44,HEST:4566995B9842:UNKNOWN,44,0.39325177669525146,0.4762074947357178,True,runs\breast_cancer\fold_044\mapper\model_checkpoint.pt,21160931,2d70a2123c226db0f5c42658187bdca6af5c02ec7d9aba9c87240fee8af52e81,1e8e3e879eb836571fe8a05c3db493511e53db1db31b64a51e2983b638c8eebd
breast_cancer,45,HEST:4802AB092F7E:Patient-A,44,0.3972643315792084,0.48072004318237305,False,runs\breast_cancer\fold_045\mapper\model_checkpoint.pt,21009216,3c113ed344609f2264f8a8521b7eb3a34d4e244b2e8f9c6808cdec71f5d945c5,1e8e3e879eb836571fe8a05c3db493511e53db1db31b64a51e2983b638c8eebd
breast_cancer,46,HEST:4802AB092F7E:Patient-B,44,0.46282726526260376,0.54502272605896,False,runs\breast_cancer\fold_046\mapper\model_checkpoint.pt,21009216,a2f406e2f3ea49c8b8c981edc332d1efdd862b7157e0d58ad5f48b387b3f90d2,1e8e3e879eb836571fe8a05c3db493511e53db1db31b64a51e2983b638c8eebd
breast_cancer,47,HEST:4802AB092F7E:Patient-C,44,0.4027342200279236,0.5915440320968628,True,runs\breast_cancer\fold_047\mapper\model_checkpoint.pt,21160931,ccb20e1968e3514ba2d5d7197d52b7fe53064b946f51ab782aa8c04de308017f,1e8e3e879eb836571fe8a05c3db493511e53db1db31b64a51e2983b638c8eebd
breast_cancer,48,HEST:4802AB092F7E:Patient-D,44,0.47781914472579956,0.6648691892623901,True,runs\breast_cancer\fold_048\mapper\model_checkpoint.pt,21160931,6be2f4abd537f7023566ced9078ace45a3674e834c9f6b114f73439830ba8e64,1e8e3e879eb836571fe8a05c3db493511e53db1db31b64a51e2983b638c8eebd
breast_cancer,49,HEST:4802AB092F7E:Patient-E,44,0.3495768904685974,0.3431949019432068,False,runs\breast_cancer\fold_049\mapper\model_checkpoint.pt,21009216,42afdbb058e4b883ea0baa9629a2459a3bc6a534dfd5ba552e415014039ad3e3,1e8e3e879eb836571fe8a05c3db493511e53db1db31b64a51e2983b638c8eebd
breast_cancer,50,HEST:4802AB092F7E:Patient-F,44,0.40490877628326416,0.18034550547599792,True,runs\breast_cancer\fold_050\mapper\model_checkpoint.pt,21160931,eedbb08a62505e86940a88665bc8963b79035cabb66005cb31d913dc3640fdfe,1e8e3e879eb836571fe8a05c3db493511e53db1db31b64a51e2983b638c8eebd
breast_cancer,51,HEST:4802AB092F7E:Patient-G,44,0.4382823705673218,0.6310369968414307,True,runs\breast_cancer\fold_051\mapper\model_checkpoint.pt,21160931,03b1c3356b60398dbab2f5435f8d0702f4de4662404716dce9d22f3a802e5798,1e8e3e879eb836571fe8a05c3db493511e53db1db31b64a51e2983b638c8eebd
breast_cancer,52,HEST:4802AB092F7E:Patient-H,44,0.4239419102668762,0.08707305043935776,True,runs\breast_cancer\fold_052\mapper\model_checkpoint.pt,21160931,932d6f3668a7d64c1d4f0038c60c1039efee55db6143379ed8de94e262e9299d,1e8e3e879eb836571fe8a05c3db493511e53db1db31b64a51e2983b638c8eebd
breast_cancer,53,HEST:7068EE7808CE:UNKNOWN,44,0.3226780295372009,0.6584247350692749,True,runs\breast_cancer\fold_053\mapper\model_checkpoint.pt,21160931,3eb18fb709d212a7ad4ccc2b355ef696e056fa3834084418ce7e4da017edf334,1e8e3e879eb836571fe8a05c3db493511e53db1db31b64a51e2983b638c8eebd
breast_cancer,54,HEST:97808E0CCBB7:UNKNOWN,44,0.4175799489021301,0.3703021705150604,False,runs\breast_cancer\fold_054\mapper\model_checkpoint.pt,21009216,3fac950e1a8e2390d5293b3c4e37df542524a3fb2db75dc4ce7cbecc3de193d8,1e8e3e879eb836571fe8a05c3db493511e53db1db31b64a51e2983b638c8eebd
breast_cancer,55,HEST:9ACFB7E02B35:UNKNOWN,44,0.42518350481987,0.30760419368743896,False,runs\breast_cancer\fold_055\mapper\model_checkpoint.pt,21009216,6e332bac5882cc775acdb8c93d93f452350dc57c4a749f08be7fcc47cba401f7,1e8e3e879eb836571fe8a05c3db493511e53db1db31b64a51e2983b638c8eebd
breast_cancer,56,HEST:B89DC6B97095:UNKNOWN,44,0.32324469089508057,0.5063353776931763,True,runs\breast_cancer\fold_056\mapper\model_checkpoint.pt,21160931,0d1b6c99a521c90f12765a5c9b6e1059e690a17e563100adc35225f507c683e0,1e8e3e879eb836571fe8a05c3db493511e53db1db31b64a51e2983b638c8eebd
breast_cancer,57,HEST:CB37C0D65D1C:UNKNOWN,44,0.4329867959022522,0.6732656359672546,True,runs\breast_cancer\fold_057\mapper\model_checkpoint.pt,21160931,8509e5c9eb0dd91b59baa27ee5850d8ae2e17fdba973ce1c8a72d51e119e4a3a,1e8e3e879eb836571fe8a05c3db493511e53db1db31b64a51e2983b638c8eebd
breast_cancer,58,HEST:FBBE614FE189:UNKNOWN,44,0.4029436707496643,0.7740354537963867,True,runs\breast_cancer\fold_058\mapper\model_checkpoint.pt,21160931,d85368be23461d93ac22dd8c3e9855871c82c285ba4e316146756f4e476fbba2,1e8e3e879eb836571fe8a05c3db493511e53db1db31b64a51e2983b638c8eebd
colorectal_cancer,0,Patient 1,44,0.3636016249656677,0.4484197497367859,False,runs\colorectal_cancer\fold_000\mapper\model_checkpoint.pt,21007616,32309e6a774f81b22b9060bb3f002025e826902d3d199eb8b39997e389076793,6137f1d28167bbb08f663a46f1a7c8613db7d06c0c6652e069affbaa7120ecf2
colorectal_cancer,1,Patient 2,44,0.41172629594802856,0.3594832718372345,True,runs\colorectal_cancer\fold_001\mapper\model_checkpoint.pt,21159331,db2e6307aec991269f39091823b1f1d3c29a69024292cfb59503ba754997c5d8,6137f1d28167bbb08f663a46f1a7c8613db7d06c0c6652e069affbaa7120ecf2
colorectal_cancer,2,Patient 3,44,0.4442557692527771,0.382870614528656,False,runs\colorectal_cancer\fold_002\mapper\model_checkpoint.pt,21007616,18ccd0518a1bcfefc0727e317737cf4f0d500aabce675cef9f043fe8f163b548,6137f1d28167bbb08f663a46f1a7c8613db7d06c0c6652e069affbaa7120ecf2
colorectal_cancer,3,Patient 4,44,0.3857295513153076,0.5017992258071899,False,runs\colorectal_cancer\fold_003\mapper\model_checkpoint.pt,21007616,93bf06f10acd622f74983fff73b0d533ddb95c1a5351e17e3c53f052c5d119f5,6137f1d28167bbb08f663a46f1a7c8613db7d06c0c6652e069affbaa7120ecf2
colorectal_cancer,4,Patient 5,44,0.4281860589981079,0.34630322456359863,False,runs\colorectal_cancer\fold_004\mapper\model_checkpoint.pt,21007616,2c33d624489b5b9653afe2b4d81952052fece3e6faf38fc11ad826b8ce34b38c,6137f1d28167bbb08f663a46f1a7c8613db7d06c0c6652e069affbaa7120ecf2
colorectal_cancer,5,sample:MISC33,44,0.5221185684204102,0.5797953605651855,True,runs\colorectal_cancer\fold_005\mapper\model_checkpoint.pt,21159331,1b7e472d44752a684ee201daf66c9d46038a981ddcb44f56d881aa3d6bc4909b,6137f1d28167bbb08f663a46f1a7c8613db7d06c0c6652e069affbaa7120ecf2
colorectal_cancer,6,sample:MISC34,44,0.46605783700942993,0.3211268484592438,True,runs\colorectal_cancer\fold_006\mapper\model_checkpoint.pt,21159331,201d1f86704597f0c0fb8502363f202f34f432068913cb76ef1df9eea0901ec7,6137f1d28167bbb08f663a46f1a7c8613db7d06c0c6652e069affbaa7120ecf2
colorectal_cancer,7,sample:MISC35,44,0.33139801025390625,0.5198392868041992,False,runs\colorectal_cancer\fold_007\mapper\model_checkpoint.pt,21007616,4f4c683a490dc04a29e6cb03514d181921373eabb357023b42df5d6c1754b697,6137f1d28167bbb08f663a46f1a7c8613db7d06c0c6652e069affbaa7120ecf2
colorectal_cancer,8,sample:MISC36,44,0.4182024598121643,0.7270399332046509,True,runs\colorectal_cancer\fold_008\mapper\model_checkpoint.pt,21159331,d343756211ed9361d039dae8f257b99aee250fe612207e2b82363488a3090006,6137f1d28167bbb08f663a46f1a7c8613db7d06c0c6652e069affbaa7120ecf2
colorectal_cancer,9,sample:MISC37,44,0.4542275667190552,0.4000028073787689,True,runs\colorectal_cancer\fold_009\mapper\model_checkpoint.pt,21159331,f4698db8e0fd7ae0a7ec80965aebc76a46bd9cd621dc63f8c19e3201d33dbd86,6137f1d28167bbb08f663a46f1a7c8613db7d06c0c6652e069affbaa7120ecf2
colorectal_cancer,10,sample:MISC38,44,0.4808669090270996,0.21415218710899353,False,runs\colorectal_cancer\fold_010\mapper\model_checkpoint.pt,21007616,ca034275fb92e78874b0fca51ae5cf665337dc24265ae31602d9b45b7c082bcf,6137f1d28167bbb08f663a46f1a7c8613db7d06c0c6652e069affbaa7120ecf2
colorectal_cancer,11,sample:MISC39,44,0.3763875961303711,0.22058355808258057,False,runs\colorectal_cancer\fold_011\mapper\model_checkpoint.pt,21007616,a370d701614f84976da33c28a3022e52b824dad93161c19a7c4afdf97d8d7ea6,6137f1d28167bbb08f663a46f1a7c8613db7d06c0c6652e069affbaa7120ecf2
colorectal_cancer,12,sample:MISC40,44,0.4281546473503113,0.3926331102848053,False,runs\colorectal_cancer\fold_012\mapper\model_checkpoint.pt,21007616,ae80b2ae9dca307395d36ae24a8c9f5865f03abad8926101943d1c93e5c98804,6137f1d28167bbb08f663a46f1a7c8613db7d06c0c6652e069affbaa7120ecf2
colorectal_cancer,13,sample:MISC41,44,0.36745208501815796,0.409894734621048,False,runs\colorectal_cancer\fold_013\mapper\model_checkpoint.pt,21007616,1e060e8eb62171ca5cc1b88fbdee803c17dcc1978274201fa642ac1a4be52852,6137f1d28167bbb08f663a46f1a7c8613db7d06c0c6652e069affbaa7120ecf2
colorectal_cancer,14,sample:MISC42,44,0.47201091051101685,0.3864237666130066,True,runs\colorectal_cancer\fold_014\mapper\model_checkpoint.pt,21159331,d878cca496227f14078e40157a3fef2549b3343576f7fed872c8bf1fdb802652,6137f1d28167bbb08f663a46f1a7c8613db7d06c0c6652e069affbaa7120ecf2
colorectal_cancer,15,sample:MISC43,44,0.4652637839317322,0.28246527910232544,True,runs\colorectal_cancer\fold_015\mapper\model_checkpoint.pt,21159331,ba63543f65f392257230c26e2b785ae84399186731fc35abf390ac15f47f1af8,6137f1d28167bbb08f663a46f1a7c8613db7d06c0c6652e069affbaa7120ecf2
colorectal_cancer,16,sample:MISC44,44,0.4163544774055481,0.6550325155258179,True,runs\colorectal_cancer\fold_016\mapper\model_checkpoint.pt,21159331,cd8b4d544110778c16aefa2ab9bb287b1ef445fd2c2254335df35c997a3f4cba,6137f1d28167bbb08f663a46f1a7c8613db7d06c0c6652e069affbaa7120ecf2
colorectal_cancer,17,sample:MISC45,44,0.4108837842941284,0.3975754976272583,True,runs\colorectal_cancer\fold_017\mapper\model_checkpoint.pt,21159331,8d3f7804de2454f63a4c7b0e7ceee723f1b00309e46eaacd37912371316e5347,6137f1d28167bbb08f663a46f1a7c8613db7d06c0c6652e069affbaa7120ecf2
colorectal_cancer,18,sample:MISC46,44,0.46070969104766846,0.00600817333906889,True,runs\colorectal_cancer\fold_018\mapper\model_checkpoint.pt,21159331,779c3148ad99188d725df3458c3dda949004a74a444002e905d9308e79d9a185,6137f1d28167bbb08f663a46f1a7c8613db7d06c0c6652e069affbaa7120ecf2
colorectal_cancer,19,sample:MISC47,44,0.37372326850891113,0.5262250900268555,True,runs\colorectal_cancer\fold_019\mapper\model_checkpoint.pt,21159331,ebbaa94cad914419acb80533bc718d0267cb04c16f7a93055fea270ed52f0415,6137f1d28167bbb08f663a46f1a7c8613db7d06c0c6652e069affbaa7120ecf2
colorectal_cancer,20,sample:MISC48,44,0.3703189492225647,0.6677227020263672,True,runs\colorectal_cancer\fold_020\mapper\model_checkpoint.pt,21159331,44fdbdfe308a21a29a6b5893725a122ab1d0f084f94e6f7c50b63e65de038eef,6137f1d28167bbb08f663a46f1a7c8613db7d06c0c6652e069affbaa7120ecf2
colorectal_cancer,21,sample:MISC49,44,0.4792304039001465,0.5886108875274658,True,runs\colorectal_cancer\fold_021\mapper\model_checkpoint.pt,21159331,8faf90080b16380a8ae7587012c6b7997892da93fd73e2a981acba91f104bcc8,6137f1d28167bbb08f663a46f1a7c8613db7d06c0c6652e069affbaa7120ecf2
colorectal_cancer,22,sample:MISC50,44,0.4463820457458496,0.7069029211997986,True,runs\colorectal_cancer\fold_022\mapper\model_checkpoint.pt,21159331,c82b6c7cee40412ba76b79078895512ab012a39526b1bbd2faef5cfe00935c8b,6137f1d28167bbb08f663a46f1a7c8613db7d06c0c6652e069affbaa7120ecf2
colorectal_cancer,23,sample:MISC51,44,0.4075072407722473,0.5934134721755981,True,runs\colorectal_cancer\fold_023\mapper\model_checkpoint.pt,21159331,2f31ed8e2aded4ffb020fe5b53308a2e4586617ea076cc1b196e0aa7ecf66fc3,6137f1d28167bbb08f663a46f1a7c8613db7d06c0c6652e069affbaa7120ecf2
colorectal_cancer,24,sample:MISC56,44,0.44060564041137695,0.005161729641258717,True,runs\colorectal_cancer\fold_024\mapper\model_checkpoint.pt,21159331,0f622329818d163b9441f1e2b5305b202cde39d5e7ea7a99c4a345183531477f,6137f1d28167bbb08f663a46f1a7c8613db7d06c0c6652e069affbaa7120ecf2
colorectal_cancer,25,sample:MISC57,44,0.539161205291748,0.1994335651397705,True,runs\colorectal_cancer\fold_025\mapper\model_checkpoint.pt,21159331,0c7d16e94560f2487cf66fcba0154cf469f491c8d98fb1e12128c742dc534be8,6137f1d28167bbb08f663a46f1a7c8613db7d06c0c6652e069affbaa7120ecf2
colorectal_cancer,26,sample:MISC58,44,0.36629554629325867,0.4125595688819885,False,runs\colorectal_cancer\fold_026\mapper\model_checkpoint.pt,21007616,22d4de3c1a856ae745d2f5d387f5c1922720e9dd73f80e721545b414f107082b,6137f1d28167bbb08f663a46f1a7c8613db7d06c0c6652e069affbaa7120ecf2
colorectal_cancer,27,sample:MISC62,44,0.26566779613494873,0.5240998268127441,True,runs\colorectal_cancer\fold_027\mapper\model_checkpoint.pt,21159331,d1fd125d852901fbb7861f3010b87762081b4208a743089a4f3ca21b6b95320f,6137f1d28167bbb08f663a46f1a7c8613db7d06c0c6652e069affbaa7120ecf2
colorectal_cancer,28,sample:MISC63,44,0.39703744649887085,0.318576455116272,False,runs\colorectal_cancer\fold_028\mapper\model_checkpoint.pt,21007616,ad5cc658a7d7e2cc7138d26edcc4e4ad7ef9198ad83f54e97cecb139e3c7b35b,6137f1d28167bbb08f663a46f1a7c8613db7d06c0c6652e069affbaa7120ecf2
colorectal_cancer,29,sample:MISC64,44,0.3632858395576477,0.40749862790107727,True,runs\colorectal_cancer\fold_029\mapper\model_checkpoint.pt,21159331,1665ad9dceec7987144347f079058d595ff17d6fe63d0d5990e5bfeda09bb173,6137f1d28167bbb08f663a46f1a7c8613db7d06c0c6652e069affbaa7120ecf2
colorectal_cancer,30,sample:MISC65,44,0.4898492693901062,0.6131347417831421,True,runs\colorectal_cancer\fold_030\mapper\model_checkpoint.pt,21159331,d70097e7f93ea3a20505f5a24263d34f69a2dbf75c53d0ce496c3be3f47089f6,6137f1d28167bbb08f663a46f1a7c8613db7d06c0c6652e069affbaa7120ecf2
colorectal_cancer,31,sample:MISC66,44,0.4303927421569824,0.6313164234161377,False,runs\colorectal_cancer\fold_031\mapper\model_checkpoint.pt,21007616,e3cc158037057dca2ef98806f8dc7b261c6c6aff2424c1a052f4bb6df0f46cbe,6137f1d28167bbb08f663a46f1a7c8613db7d06c0c6652e069affbaa7120ecf2
colorectal_cancer,32,sample:MISC67,44,0.3999255895614624,0.598595380783081,True,runs\colorectal_cancer\fold_032\mapper\model_checkpoint.pt,21159331,69e25f58c2a2ce79cc77e261177fd0b2bb5d203217986b8004233315fa25e6d8,6137f1d28167bbb08f663a46f1a7c8613db7d06c0c6652e069affbaa7120ecf2
colorectal_cancer,33,sample:MISC68,44,0.421798974275589,0.0378689244389534,True,runs\colorectal_cancer\fold_033\mapper\model_checkpoint.pt,21159331,7e3931af50955ef09ea2088dfc79c0325d2573708f829499833d4afcb518d7b9,6137f1d28167bbb08f663a46f1a7c8613db7d06c0c6652e069affbaa7120ecf2
colorectal_cancer,34,sample:MISC69,44,0.3113516569137573,-0.08485735952854156,True,runs\colorectal_cancer\fold_034\mapper\model_checkpoint.pt,21159331,efa39f7b1e248ba2f6289ee39b8879be0bdf405cf936f7356a7e411e88728057,6137f1d28167bbb08f663a46f1a7c8613db7d06c0c6652e069affbaa7120ecf2
colorectal_cancer,35,sample:MISC70,44,0.47288691997528076,0.18325123190879822,True,runs\colorectal_cancer\fold_035\mapper\model_checkpoint.pt,21159331,5b8ee6b9aa1787d6ddbaa194ff764fc5ada9bdebc266727332abe0433cc75e58,6137f1d28167bbb08f663a46f1a7c8613db7d06c0c6652e069affbaa7120ecf2
colorectal_cancer,36,sample:MISC71,44,0.5060553550720215,0.543329656124115,False,runs\colorectal_cancer\fold_036\mapper\model_checkpoint.pt,21007616,00e525ca6e6d0d26879c3124e1c395dfdd7278c9fc4a27abc6d66a4964198837,6137f1d28167bbb08f663a46f1a7c8613db7d06c0c6652e069affbaa7120ecf2
colorectal_cancer,37,sample:MISC72,44,0.5065994262695312,0.6181618571281433,True,runs\colorectal_cancer\fold_037\mapper\model_checkpoint.pt,21159331,a803c528d9b4d30d08714f145661b0901cc202fc2143d7616caef251fe094d1c,6137f1d28167bbb08f663a46f1a7c8613db7d06c0c6652e069affbaa7120ecf2
colorectal_cancer,38,sample:MISC73,44,0.4386011064052582,0.628189206123352,False,runs\colorectal_cancer\fold_038\mapper\model_checkpoint.pt,21007616,a4c9412607d10c3f354ab55dbbf9c56da1f6c0546fcbb481846424937d0c9fe5,6137f1d28167bbb08f663a46f1a7c8613db7d06c0c6652e069affbaa7120ecf2
colorectal_cancer,39,sample:TENX128,44,0.27061158418655396,0.8018636107444763,True,runs\colorectal_cancer\fold_039\mapper\model_checkpoint.pt,21159331,d640c6e3c553914747e3ca40a7c2c7ad027cc05382035844e5f16a6e2262d275,6137f1d28167bbb08f663a46f1a7c8613db7d06c0c6652e069affbaa7120ecf2
colorectal_cancer,40,sample:TENX29,44,0.33319294452667236,0.28756412863731384,False,runs\colorectal_cancer\fold_040\mapper\model_checkpoint.pt,21007616,5a0e69dfd6effceff0aad20b05aded05c6b7dd59849013028a7a63cdaf63d3fb,6137f1d28167bbb08f663a46f1a7c8613db7d06c0c6652e069affbaa7120ecf2
colorectal_cancer,41,sample:TENX49,44,0.33148282766342163,0.7200484275817871,False,runs\colorectal_cancer\fold_041\mapper\model_checkpoint.pt,21007616,427b8c588b739bbbe0a6cc20e464a5f7711567f2f52869c0bd1a67614fb44a23,6137f1d28167bbb08f663a46f1a7c8613db7d06c0c6652e069affbaa7120ecf2
colorectal_cancer,42,sample:TENX89,44,0.39722126722335815,0.7688280344009399,True,runs\colorectal_cancer\fold_042\mapper\model_checkpoint.pt,21159331,0d96b1040e7a9eb6a856ad2f6afb88d2966970b0033be358fbd82ae111f4d0cd,6137f1d28167bbb08f663a46f1a7c8613db7d06c0c6652e069affbaa7120ecf2
colorectal_cancer,43,sample:TENX90,44,0.44906336069107056,0.8155000805854797,True,runs\colorectal_cancer\fold_043\mapper\model_checkpoint.pt,21159331,1c2868b23c2b63892629aae58c5087b769c42594fd6940d3f5cef57824f63b05,6137f1d28167bbb08f663a46f1a7c8613db7d06c0c6652e069affbaa7120ecf2
colorectal_cancer,44,sample:TENX91,44,0.36245882511138916,0.5845212936401367,True,runs\colorectal_cancer\fold_044\mapper\model_checkpoint.pt,21159331,1162278436cac35a6dc49059d7e849dc50f3f4a259e72d31b8cf312b7c65d52e,6137f1d28167bbb08f663a46f1a7c8613db7d06c0c6652e069affbaa7120ecf2
colorectal_cancer,45,sample:TENX92,44,0.4389127194881439,0.46992090344429016,True,runs\colorectal_cancer\fold_045\mapper\model_checkpoint.pt,21159331,5e1518ba210c672f7f8aa3c8197952db36e664ddb7f60c392257d91e67644621,6137f1d28167bbb08f663a46f1a7c8613db7d06c0c6652e069affbaa7120ecf2
cutaneous_squamous_cell_carcinoma,0,Patient 10,36,0.36672794818878174,0.4222239851951599,False,runs\cutaneous_squamous_cell_carcinoma\fold_000\mapper\model_checkpoint.pt,20925120,7f1dfb5b2e1b84a205778c7566e1040d42561348e2a4bd2fe834301028ef4667,c63bfd2b5e972de6f9bbaabb8f0ae09afd95f21d656b67a099bf21eec1bf5956
cutaneous_squamous_cell_carcinoma,1,Patient 2,36,0.224269300699234,0.5751368403434753,False,runs\cutaneous_squamous_cell_carcinoma\fold_001\mapper\model_checkpoint.pt,20925120,a9338fbe6d4b65fe51c350dc159074cfeed29b1dce5ff0294091778e2ce1d636,c63bfd2b5e972de6f9bbaabb8f0ae09afd95f21d656b67a099bf21eec1bf5956
cutaneous_squamous_cell_carcinoma,2,Patient 5,36,0.6564831733703613,0.38473591208457947,False,runs\cutaneous_squamous_cell_carcinoma\fold_002\mapper\model_checkpoint.pt,20925120,841344d5c21e5627a5b5a7e0c77c7ae6f49ee1c42f51f64a5f20b665f50e0a31,c63bfd2b5e972de6f9bbaabb8f0ae09afd95f21d656b67a099bf21eec1bf5956
cutaneous_squamous_cell_carcinoma,3,Patient 9,36,0.681424617767334,0.05765562504529953,False,runs\cutaneous_squamous_cell_carcinoma\fold_003\mapper\model_checkpoint.pt,20925120,c0aa9e837cfe52f14c934a778eb4e3ce27ee534c057ff466ee3ed37e2d8f0205,c63bfd2b5e972de6f9bbaabb8f0ae09afd95f21d656b67a099bf21eec1bf5956
ependymoma,0,Patient 1101,32,0.5714894533157349,0.1474146693944931,False,runs\ependymoma\fold_000\mapper\model_checkpoint.pt,20884160,d9bf9a41f490e40d45275c9a9937544c59370fbbd3f0c8bb2245643e873d6654,9fe32bcc7cf5b129934546f5a8ca86a2b42c2dd3e232e213586cec4927ed140a
ependymoma,1,Patient 1239,32,0.279532253742218,0.45622313022613525,True,runs\ependymoma\fold_001\mapper\model_checkpoint.pt,21023523,1b373441adc75b7b22f0c45807a2eada6599e733a095528c7a00fb1715f1047b,9fe32bcc7cf5b129934546f5a8ca86a2b42c2dd3e232e213586cec4927ed140a
ependymoma,2,Patient 1269,32,0.21496321260929108,0.018079614266753197,True,runs\ependymoma\fold_002\mapper\model_checkpoint.pt,21023523,0221cfa78a6ee056b37d285d6c537da3f0309f518706685da4540aab9eeaf3b5,9fe32bcc7cf5b129934546f5a8ca86a2b42c2dd3e232e213586cec4927ed140a
ependymoma,3,Patient 1513,32,0.4728369116783142,0.35063472390174866,True,runs\ependymoma\fold_003\mapper\model_checkpoint.pt,21023523,5fc5cb5f804e94c806bc58ad643528a455ba6d6615218be2375fa43a49dccd4e,9fe32bcc7cf5b129934546f5a8ca86a2b42c2dd3e232e213586cec4927ed140a
ependymoma,4,Patient 459,32,0.39161843061447144,0.4464263916015625,False,runs\ependymoma\fold_004\mapper\model_checkpoint.pt,20884160,8fed56e63c27a9d067464044ead495ca9d749de41d356199058f06382c2558de,9fe32bcc7cf5b129934546f5a8ca86a2b42c2dd3e232e213586cec4927ed140a
ependymoma,5,Patient 723,32,0.4289971888065338,0.43245452642440796,False,runs\ependymoma\fold_005\mapper\model_checkpoint.pt,20884160,87885236a3e995c797e42b3134dec6c292d3e77fb8832f1f2630b6b04f4b4969,9fe32bcc7cf5b129934546f5a8ca86a2b42c2dd3e232e213586cec4927ed140a
ependymoma,6,Patient 727,32,0.2547042667865753,0.5209037065505981,True,runs\ependymoma\fold_006\mapper\model_checkpoint.pt,21023523,96ce4d11e68f1b54eea034ad5bf7813350af8eecb42ec68a21f20144b5924afe,9fe32bcc7cf5b129934546f5a8ca86a2b42c2dd3e232e213586cec4927ed140a
ependymoma,7,Patient 812,32,0.23224835097789764,0.567673921585083,False,runs\ependymoma\fold_007\mapper\model_checkpoint.pt,20884160,a43136cd20baac679ef4c1243ad31f893f1fd76d69c246790eb4fa853cfc1d04,9fe32bcc7cf5b129934546f5a8ca86a2b42c2dd3e232e213586cec4927ed140a
ependymoma,8,Patient 821,32,0.2861350178718567,0.6527142524719238,False,runs\ependymoma\fold_008\mapper\model_checkpoint.pt,20884160,1254b084111d74d14f424826cec5372af0c227c5706f96cb4c2a9a84d34be53d,9fe32bcc7cf5b129934546f5a8ca86a2b42c2dd3e232e213586cec4927ed140a
ependymoma,9,Patient 848,32,0.2524588704109192,0.22259488701820374,False,runs\ependymoma\fold_009\mapper\model_checkpoint.pt,20884160,54796d61e484f3249229cdea8003d0ee2bf83bc89de2817ce724f5a55289cc52,9fe32bcc7cf5b129934546f5a8ca86a2b42c2dd3e232e213586cec4927ed140a
ependymoma,10,Patient 928,32,0.5164256691932678,0.24924173951148987,False,runs\ependymoma\fold_010\mapper\model_checkpoint.pt,20884160,f19242f2fac0f192be72a21da3f00c4d127151f6b6ca18c003b5f69db24f17c5,9fe32bcc7cf5b129934546f5a8ca86a2b42c2dd3e232e213586cec4927ed140a
kidney_clear_cell_carcinoma,0,Patient 1,48,0.33515915274620056,0.3335486352443695,False,runs\kidney_clear_cell_carcinoma\fold_000\mapper\model_checkpoint.pt,21048768,9bc08ab63dd66b3adf38fd50824dbffdfca4737058dd73248bae54994301e90e,d67101828d4a39047ee7d1532d62ad69231b81cccd527eb2426d53ff41350d57
kidney_clear_cell_carcinoma,1,Patient 10,48,0.34858524799346924,0.7462443113327026,True,runs\kidney_clear_cell_carcinoma\fold_001\mapper\model_checkpoint.pt,21204643,c6d78d147d26c6a91a8625dc773741f386027569ceea0c9c832d8aacb5c0d4b9,d67101828d4a39047ee7d1532d62ad69231b81cccd527eb2426d53ff41350d57
kidney_clear_cell_carcinoma,2,Patient 11,48,0.32968008518218994,0.7457284927368164,False,runs\kidney_clear_cell_carcinoma\fold_002\mapper\model_checkpoint.pt,21048768,45c0f48bfdd1163fac215d862025a40f88eece118ddd37a9eb8b0b541f61045a,d67101828d4a39047ee7d1532d62ad69231b81cccd527eb2426d53ff41350d57
kidney_clear_cell_carcinoma,3,Patient 12,48,0.27391892671585083,0.4422872066497803,False,runs\kidney_clear_cell_carcinoma\fold_003\mapper\model_checkpoint.pt,21048768,653567d73c708ce23ad87ddef6ed8a5818effcab94cd3ba5210689798938c8c0,d67101828d4a39047ee7d1532d62ad69231b81cccd527eb2426d53ff41350d57
kidney_clear_cell_carcinoma,4,Patient 13,48,0.3509669899940491,0.19744618237018585,True,runs\kidney_clear_cell_carcinoma\fold_004\mapper\model_checkpoint.pt,21204643,453e0b207810fb3c6e9a595fe2e79c40c65e5114891aabf4e9d64fae3611c97e,d67101828d4a39047ee7d1532d62ad69231b81cccd527eb2426d53ff41350d57
kidney_clear_cell_carcinoma,5,Patient 14,48,0.1270579993724823,0.27221617102622986,False,runs\kidney_clear_cell_carcinoma\fold_005\mapper\model_checkpoint.pt,21048768,14cc63aa3d962fe0563ac1519631d0ec9b98cf28463a1ad29e869dd1aa188121,d67101828d4a39047ee7d1532d62ad69231b81cccd527eb2426d53ff41350d57
kidney_clear_cell_carcinoma,6,Patient 15,48,0.15475639700889587,-0.09868308901786804,True,runs\kidney_clear_cell_carcinoma\fold_006\mapper\model_checkpoint.pt,21204643,fe07ed7a0ef80dce693731f57939772cf9e66b48bd95ba81591ae5a203e9b527,d67101828d4a39047ee7d1532d62ad69231b81cccd527eb2426d53ff41350d57
kidney_clear_cell_carcinoma,7,Patient 16,48,0.35441645979881287,0.39387357234954834,False,runs\kidney_clear_cell_carcinoma\fold_007\mapper\model_checkpoint.pt,21048768,f8c4083dba65007a3c5254dfbebad16c50975582e3032c0a635c781d32e5964f,d67101828d4a39047ee7d1532d62ad69231b81cccd527eb2426d53ff41350d57
kidney_clear_cell_carcinoma,8,Patient 17,48,0.26944467425346375,-0.010336445644497871,False,runs\kidney_clear_cell_carcinoma\fold_008\mapper\model_checkpoint.pt,21048768,ea7975f5a69ad7f9935ce08a55c9bca381ec8fd29e5759e20e12f3a4eae983ed,d67101828d4a39047ee7d1532d62ad69231b81cccd527eb2426d53ff41350d57
kidney_clear_cell_carcinoma,9,Patient 18,48,0.3553839325904846,0.20788651704788208,False,runs\kidney_clear_cell_carcinoma\fold_009\mapper\model_checkpoint.pt,21048768,f24838b194c6035ebae95494acdacfabc3fff5e320302a991ccfc5d45a675d7c,d67101828d4a39047ee7d1532d62ad69231b81cccd527eb2426d53ff41350d57
kidney_clear_cell_carcinoma,10,Patient 19,48,0.2330600917339325,0.01144065149128437,True,runs\kidney_clear_cell_carcinoma\fold_010\mapper\model_checkpoint.pt,21204643,2b248115f8066146a49f6660609bb867ce8821fe0a51a0210bcaaeb13a854a28,d67101828d4a39047ee7d1532d62ad69231b81cccd527eb2426d53ff41350d57
kidney_clear_cell_carcinoma,11,Patient 2,48,0.11189046502113342,0.3148900270462036,True,runs\kidney_clear_cell_carcinoma\fold_011\mapper\model_checkpoint.pt,21204643,9db04f7d1d0a9243d16758c7376b29de8887b81435a8aa6ade4af100cd55eae4,d67101828d4a39047ee7d1532d62ad69231b81cccd527eb2426d53ff41350d57
kidney_clear_cell_carcinoma,12,Patient 20,48,0.32252025604248047,0.11173005402088165,True,runs\kidney_clear_cell_carcinoma\fold_012\mapper\model_checkpoint.pt,21204643,f6c9ee5f54993ec7a82c1d767493ae2a2589f84ab97c090234d98a419ed609b0,d67101828d4a39047ee7d1532d62ad69231b81cccd527eb2426d53ff41350d57
kidney_clear_cell_carcinoma,13,Patient 21,48,0.28777146339416504,-0.41444677114486694,True,runs\kidney_clear_cell_carcinoma\fold_013\mapper\model_checkpoint.pt,21204643,90818b26d97ab4f4ea5b9f6d18a3a313db30801b71062fda43dd1ed58e67de5d,d67101828d4a39047ee7d1532d62ad69231b81cccd527eb2426d53ff41350d57
kidney_clear_cell_carcinoma,14,Patient 22,48,0.25456565618515015,0.4859122931957245,True,runs\kidney_clear_cell_carcinoma\fold_014\mapper\model_checkpoint.pt,21204643,d52bcba4ee25aa00dbc43093bd863e71042436c114b3349411b45bd8d1547f6e,d67101828d4a39047ee7d1532d62ad69231b81cccd527eb2426d53ff41350d57
kidney_clear_cell_carcinoma,15,Patient 23,48,0.4278968274593353,-0.2324330359697342,True,runs\kidney_clear_cell_carcinoma\fold_015\mapper\model_checkpoint.pt,21204643,7f5bce5b0e9ec501ef39a786dde439a08c12b1ae04b2e93e4acd942033a128a7,d67101828d4a39047ee7d1532d62ad69231b81cccd527eb2426d53ff41350d57
kidney_clear_cell_carcinoma,16,Patient 24,48,0.3072073757648468,0.37012138962745667,True,runs\kidney_clear_cell_carcinoma\fold_016\mapper\model_checkpoint.pt,21204643,c4005d560ec688c9900e57fa1248a2e8a7fa4a73353164e19230af0652882fa0,d67101828d4a39047ee7d1532d62ad69231b81cccd527eb2426d53ff41350d57
kidney_clear_cell_carcinoma,17,Patient 3,48,0.358272910118103,0.558773934841156,True,runs\kidney_clear_cell_carcinoma\fold_017\mapper\model_checkpoint.pt,21204643,59562651ff614b30641f52127582f2fee946973cba871c1d1a826e8f6137e62b,d67101828d4a39047ee7d1532d62ad69231b81cccd527eb2426d53ff41350d57
kidney_clear_cell_carcinoma,18,Patient 4,48,0.11928119510412216,0.6101469397544861,False,runs\kidney_clear_cell_carcinoma\fold_018\mapper\model_checkpoint.pt,21048768,f573b55bc34c6b4213f9ad72d58fb240f9a11f6fb5626d879445b26d542dec47,d67101828d4a39047ee7d1532d62ad69231b81cccd527eb2426d53ff41350d57
kidney_clear_cell_carcinoma,19,Patient 5,48,0.21188075840473175,0.13857115805149078,False,runs\kidney_clear_cell_carcinoma\fold_019\mapper\model_checkpoint.pt,21048768,49a25a9c0abbe85310c54c92a71c7d904cc6408232e6e8cff1480acccc3a62e0,d67101828d4a39047ee7d1532d62ad69231b81cccd527eb2426d53ff41350d57
kidney_clear_cell_carcinoma,20,Patient 6,48,0.2697659730911255,0.6049304008483887,False,runs\kidney_clear_cell_carcinoma\fold_020\mapper\model_checkpoint.pt,21048768,9b377352e98730f87515a21d349ade7b175d756fe959ab7f68566e263f0e2f01,d67101828d4a39047ee7d1532d62ad69231b81cccd527eb2426d53ff41350d57
kidney_clear_cell_carcinoma,21,Patient 7,48,0.28246408700942993,0.3711841106414795,False,runs\kidney_clear_cell_carcinoma\fold_021\mapper\model_checkpoint.pt,21048768,85276e8e6fd5053f8b1cb41f01dc265aa70831904518c8600e1670bd5c2d6323,d67101828d4a39047ee7d1532d62ad69231b81cccd527eb2426d53ff41350d57
kidney_clear_cell_carcinoma,22,Patient 8,48,0.2817571759223938,0.3619042634963989,False,runs\kidney_clear_cell_carcinoma\fold_022\mapper\model_checkpoint.pt,21048768,54206ea5a0ecd70b395792fb20655acb38e385b76a7043f86de611bea4d9eb21,d67101828d4a39047ee7d1532d62ad69231b81cccd527eb2426d53ff41350d57
kidney_clear_cell_carcinoma,23,Patient 9,48,0.3315276503562927,0.28743430972099304,False,runs\kidney_clear_cell_carcinoma\fold_023\mapper\model_checkpoint.pt,21048768,a0a4fe2cde8a79a9c53860fba7b12a78960b96613c64903b44e5a05ada1b23c3,d67101828d4a39047ee7d1532d62ad69231b81cccd527eb2426d53ff41350d57
lung_adenocarcinoma,0,sample:TENX163,48,0.6332882642745972,0.2686992287635803,False,runs\lung_adenocarcinoma\fold_000\mapper\model_checkpoint.pt,21048768,a5685b5e23d838e91592bc02c05f785d86cb09da3d3f749144f57c82a19cff02,7c5719b74bdd4d0c25f262d05aa151a5283ca0f05d25cf6abeb02a17991d799a
lung_adenocarcinoma,1,sample:TENX168,48,0.6504292488098145,0.5281655788421631,False,runs\lung_adenocarcinoma\fold_001\mapper\model_checkpoint.pt,21048768,39f255ae93da263a6e66dc659a09aed1fc907a36c279faf95c44fbbd3a1a33bc,7c5719b74bdd4d0c25f262d05aa151a5283ca0f05d25cf6abeb02a17991d799a
lung_adenocarcinoma,2,sample:TENX169,48,0.3187352418899536,0.6036866903305054,False,runs\lung_adenocarcinoma\fold_002\mapper\model_checkpoint.pt,21048768,ef183f29c7eb677cec8f72758e023d769b07d5709b442d6a2b2908556497bbcd,7c5719b74bdd4d0c25f262d05aa151a5283ca0f05d25cf6abeb02a17991d799a
lung_adenocarcinoma,3,sample:TENX170,48,0.6522777676582336,0.6039921641349792,False,runs\lung_adenocarcinoma\fold_003\mapper\model_checkpoint.pt,21048768,e7e7ced7030554f0ceb56a57a5386f45cd7f6ac17ac93a5d91c5fd1c3acf792e,7c5719b74bdd4d0c25f262d05aa151a5283ca0f05d25cf6abeb02a17991d799a
lung_adenocarcinoma,4,sample:TENX171,48,0.6245054006576538,0.5477477312088013,False,runs\lung_adenocarcinoma\fold_004\mapper\model_checkpoint.pt,21048768,f7978df7e67e12721c8888f6005e49d34ef6231d4525bb4dfcd124ebb159336f,7c5719b74bdd4d0c25f262d05aa151a5283ca0f05d25cf6abeb02a17991d799a
pancreatic_adenocarcinoma,0,sample:NCBI569,48,0.20244260132312775,0.24810853600502014,False,runs\pancreatic_adenocarcinoma\fold_000\mapper\model_checkpoint.pt,21048768,d7f6ad849204f9e8f1861062c92151df0d7bed2e9ebc61a2cc05c289c95ef250,f1aedd615805cca83efbc4d728a101bfc2cf0418b09655b846b9989cdd344ab6
pancreatic_adenocarcinoma,1,sample:NCBI570,48,0.3587825894355774,0.16502848267555237,False,runs\pancreatic_adenocarcinoma\fold_001\mapper\model_checkpoint.pt,21048768,e1aafcc757d3139777e0cb73abffb439cd4b0b147502d4028f3d0a6184d1c784,f1aedd615805cca83efbc4d728a101bfc2cf0418b09655b846b9989cdd344ab6
pancreatic_adenocarcinoma,2,sample:NCBI571,48,0.3723565936088562,-0.15858295559883118,False,runs\pancreatic_adenocarcinoma\fold_002\mapper\model_checkpoint.pt,21048768,6020a49726debfcec9cbca3703272c766674ae1ba5a59e819285cd78f91bd67e,f1aedd615805cca83efbc4d728a101bfc2cf0418b09655b846b9989cdd344ab6
pancreatic_adenocarcinoma,3,sample:NCBI572,48,0.2945234477519989,0.37194910645484924,False,runs\pancreatic_adenocarcinoma\fold_003\mapper\model_checkpoint.pt,21048768,30ec19e3cdf687f34043f208a0d597737b5128d7ed261b46ff097467687d2bf5,f1aedd615805cca83efbc4d728a101bfc2cf0418b09655b846b9989cdd344ab6
prostate_adenocarcinoma,0,sample:INT25,48,0.699518084526062,0.2721936106681824,True,runs\prostate_adenocarcinoma\fold_000\mapper\model_checkpoint.pt,21205155,03f0b03f11a4eb60b191a7f9a793fb261d3fa2cac02359e3df3d624ced3c62cb,9e1e2f2d74fde75167e65c1d0f31c66ce720e51d9cd24b43574c077ec5b6e59d
prostate_adenocarcinoma,1,sample:INT26,48,0.8961330056190491,0.7642911672592163,False,runs\prostate_adenocarcinoma\fold_001\mapper\model_checkpoint.pt,21049280,5a9141ed9d9d5e190a82ae3e27aaa0f5825e825e84b59bf2c621ca94be3eea87,9e1e2f2d74fde75167e65c1d0f31c66ce720e51d9cd24b43574c077ec5b6e59d
prostate_adenocarcinoma,2,sample:INT27,48,0.5930925607681274,0.828229546546936,False,runs\prostate_adenocarcinoma\fold_002\mapper\model_checkpoint.pt,21049280,c340629ce7175db866bf14761f411035935ef65364d3f4a97e9f451b0fed4fe5,9e1e2f2d74fde75167e65c1d0f31c66ce720e51d9cd24b43574c077ec5b6e59d
prostate_adenocarcinoma,3,sample:INT28,48,0.7786960601806641,0.7093586325645447,True,runs\prostate_adenocarcinoma\fold_003\mapper\model_checkpoint.pt,21205155,cc35763152f879c62375463ca4b621152a7e8ea7992625a0d8e9aac9a2c5d1a3,9e1e2f2d74fde75167e65c1d0f31c66ce720e51d9cd24b43574c077ec5b6e59d
prostate_adenocarcinoma,4,sample:INT35,48,0.8684351444244385,0.05297710373997688,True,runs\prostate_adenocarcinoma\fold_004\mapper\model_checkpoint.pt,21205155,e0e0421fe52ed67c96f3c521fb225c1582410f5589f235e4b4521d32f0d23f03,9e1e2f2d74fde75167e65c1d0f31c66ce720e51d9cd24b43574c077ec5b6e59d
prostate_adenocarcinoma,5,sample:TENX174,48,0.7098361253738403,0.4918097257614136,False,runs\prostate_adenocarcinoma\fold_005\mapper\model_checkpoint.pt,21049280,f43ec90d89617abd55982fefabb8865cafbd04ba27b2351addeeb51fdfeb2472,9e1e2f2d74fde75167e65c1d0f31c66ce720e51d9cd24b43574c077ec5b6e59d
prostate_adenocarcinoma,6,sample:TENX40,48,0.3356149196624756,0.6569690108299255,True,runs\prostate_adenocarcinoma\fold_006\mapper\model_checkpoint.pt,21205155,027de14b8a7883beac6c7576e69837852b4c558d2a18897eb0cc4d4328658b3f,9e1e2f2d74fde75167e65c1d0f31c66ce720e51d9cd24b43574c077ec5b6e59d
prostate_adenocarcinoma,7,sample:TENX46,48,0.8153067231178284,0.3348287343978882,True,runs\prostate_adenocarcinoma\fold_007\mapper\model_checkpoint.pt,21205155,cfda83ea2824cff975be47458ce8f21c3e0559175ea9020737a9cf3ee6859933,9e1e2f2d74fde75167e65c1d0f31c66ce720e51d9cd24b43574c077ec5b6e59d
