tissue_key,programs,genes,spots,reference_recovery_all10k_pcc,reference_relative_path,reference_sha256,theta_rna_sha256,theta_composition_sha256,gene_order_sha256
bladder_cancer,48,10000,6217,0.9986035823822021,references\bladder_cancer,0dd2941fdf54f27aac716bac51dc6f80c7c96f25e51bfca700cd1c9f85e12b62,909ee96f4c000167594594fb70149b32656bacd2a18df24504b37217349f3a3d,c8fa9db5a4e0215f8c5e78824ebb4f4bcfcdb7080063ac8164355726c1defafe,d906a5ca2ce346feda2a8038b745b9a38b9582a7311541de1060bc95d2224ca7
breast_cancer,44,10000,166348,0.797583818435669,references\breast_cancer,1e8e3e879eb836571fe8a05c3db493511e53db1db31b64a51e2983b638c8eebd,2f7f0d4fc9df0d913f9784d48493d9473ec6b965b8e23c4fdd411a869685b051,a8045a6b0d91f05c43c4646f8cfabdad45d77a0a7f0200254cb0a9c6eb622d66,ae465722065f5b4ab089889adc7302798c866802fdf4545955e3bb7147ec21c7
colorectal_cancer,44,10000,164020,0.8398668766021729,references\colorectal_cancer,6137f1d28167bbb08f663a46f1a7c8613db7d06c0c6652e069affbaa7120ecf2,955ba2c46592b9667c2ce18fde7cff3cdad8c9ec86be766f391c2a580eb0d06a,d7854e2d822274d253d16eac331f2112998241aad4041be8334fe36261b85236,3289fef03bc2398f31085dba7813e89d15465e39f3784996522a2ff3b7a53f1c
cutaneous_squamous_cell_carcinoma,36,10000,8671,0.9951730370521545,references\cutaneous_squamous_cell_carcinoma,c63bfd2b5e972de6f9bbaabb8f0ae09afd95f21d656b67a099bf21eec1bf5956,73b5bf3c7495c71f998987c1c68f733ab3110277309f9101ff9e25601e1b39b4,d97e0f649765904c4ae5f7a079062ad588415012ff3c2003dd2c33084ccaec0f,06e3d16e24f5a58e1d7baf9e75b84cc102192637422e1f2c55f3d423cd27e340
ependymoma,32,10000,33212,0.9698848724365234,references\ependymoma,9fe32bcc7cf5b129934546f5a8ca86a2b42c2dd3e232e213586cec4927ed140a,9b023a051c0bb8039cf3954b61e8763c3929ddf12cdfbccbde83cf71150b9bd3,92994b577aa91e3342e77fe451491f66d45b164c4532a451cd5eb00bae36ba81,4d6ab630210bddfddc8d0e8ec480cd763b7630319efb00f9aeee107fba32e83f
kidney_clear_cell_carcinoma,48,10000,74220,0.9386882185935974,references\kidney_clear_cell_carcinoma,d67101828d4a39047ee7d1532d62ad69231b81cccd527eb2426d53ff41350d57,02d28c391d909f90a9ca507ee87306d5396b7e9d9a885813c5439ec44c355903,f9e3c2715724ffdf0d59d974583eccde2c992c3c6fcaf29b8db88b954c8be87b,1cbc9d39df1e5918ae379670c8bd3b7bc2fa112bd7480f9bfc8bd0b6bd4066a2
lung_adenocarcinoma,48,10000,9977,0.9995128512382507,references\lung_adenocarcinoma,7c5719b74bdd4d0c25f262d05aa151a5283ca0f05d25cf6abeb02a17991d799a,c1bacc2e09591dfe7d4fdbdcbe808c5a5439d03286baf35b5c65c77c9fe22ff6,8ea6ba8788f3f01cc02ee8e4590d8fc44dc18a02f48330b248332265b8263a63,532a9a0f841203c800b7a493f52e6ee5957f504e4d14b62f0eea199b47878609
pancreatic_adenocarcinoma,48,10000,13001,0.999309778213501,references\pancreatic_adenocarcinoma,f1aedd615805cca83efbc4d728a101bfc2cf0418b09655b846b9989cdd344ab6,a18624e3fb6fd42e4a46f32e58b4f39a5ab93c9864eb6846ba305ffe106ec6de,8e6e16d58c4226a7787152aeab430916563b3b59944956adf5ee9083527cecee,97223eff1cd696408ec91fc872d93cfe805ba8166bebfcb7aa28a3468ca656e4
prostate_adenocarcinoma,48,10000,29665,0.9932945966720581,references\prostate_adenocarcinoma,9e1e2f2d74fde75167e65c1d0f31c66ce720e51d9cd24b43574c077ec5b6e59d,6968431850c06d41151b888ffee14c4ba2dc949398d165fc3511f80d3eecef33,0278369c0100f01635aab0cdbb93697affebf608691116ee2eefca39bc22f715,72d418c16ab8e6e01c374a3a02e23757e1805f518b11ec702532e3c31a49ea7e
