consensus_program_index,consensus_program,rna_mass_fraction,top_genes,local_programs,slides,patients,sources,primary_weight_median
0,CP000,0.017533989613111492,IGKC;IGHA1;IGLC2;IGHA2;IGHG3;JCHAIN;IGHG1;IGHG4;IGLC3;IGHM;C3;IGFBP7;FTL;RPLP1;BGN;INS;EEF1A1;FBLN1;B2M;TIMP1;PTGDS;SSR4;CD74;MGP;DCN;GSN;CST3;FTH1;C7;TPT1;AEBP1;SERPING1;IGLC7;NBL1;PSAP;HLA-B;RPLP2;LUM;C1R;CTSD;IGLL5;IGFBP4;COL6A2;SERPINF1;HLA-DRB1;C1S;HLA-DRA;EEF2;CD81;RPLP0,1.0,1.0,1.0,1.0,1.0
1,CP001,0.018899374382790553,C3;C7;INS;FTL;FBLN1;MGP;IGHG3;IGHG4;IGFBP4;IGFBP7;PTGDS;GSN;CD74;RPLP1;SERPING1;CST3;IGKC;IGHG1;DCN;EEF1A1;FTH1;COL6A2;SERPINF1;BGN;B2M;C1R;MT2A;AEBP1;CD81;GPX3;C1S;MFAP4;IFITM3;RPLP2;MMP2;TPT1;PSAP;UBC;CFD;IGHA1;C1QA;CLU;TMSB10;HLA-DRA;MT-ND1;HLA-A;A2M;HLA-DRB1;IGLC2;FAU,1.0,1.0,1.0,1.0,1.0
2,CP002,7.602131108462949e-05,CTRB2;CPB1;GP2;CPA2;CELA3A;CEL;PRSS2;CTRC;CTRB1;CLPS;SPINK1;EEF1A1;REG1B;REG3A;REG1A;CPA1;INS;PLA2G1B;PNLIP;PRSS1;GATM;REG3G;PNLIPRP1;C3;EEF2;CELA3B;HLA-B;TPT1;SYCN;MT2A;FXYD2;RNASE1;CLU;P4HB;CD24;RPLP2;MT1X;RACK1;RPSA;RPLP0;EEF1D;APOD;KLK1;MT-ND1;CD74;AMY2A;MT1G;A2M;ACTG1;CFTR,,,,,
3,CP003,0.041415713727798315,COL1A1;COL1A2;COL3A1;FN1;SPARC;SFRP2;LUM;ACTB;AEBP1;TIMP3;DCN;COL6A3;COL5A1;IGFBP7;COL6A2;EEF1A1;CCN2;MMP11;THBS2;BGN;COMP;NBL1;FTL;COL6A1;MMP2;COL5A2;POSTN;THY1;ACTA2;TAGLN;MYL9;COL11A1;VCAN;HLA-B;C3;LGALS1;IGFBP4;CTHRC1;SULF1;IGFBP5;VIM;TIMP2;COL12A1;B2M;MMP14;MYL6;FSTL1;ACTG1;HTRA1;SERPINF1,1.0,1.0,1.0,1.0,1.0
4,CP004,0.013025766397477387,INS;PNLIP;PRSS2;PRSS1;REG3A;CTRB1;CPA1;CEL;CTRB2;CPB1;CLPS;CTRC;IGKC;PLA2G1B;SYCN;AMY2A;CELA3A;PPY;IGHA1;CELA2A;GP2;CPA2;CELA3B;SPINK1;REG1A;IGHA2;FXYD2;MUC6;EEF1A1;KLK1;MT-ND1;MT-CO1;CLU;MT-CO2;AMY2B;C7;IGLC2;PNLIPRP1;MT-CYB;TPT1;JCHAIN;RNASE1;IGHM;GATM;CHGB;PRSS3;MT-ND2;PDIA2;ATP1A1;IGHG3,1.0,1.0,1.0,1.0,1.0
5,CP005,0.03012217491730233,MT-CO1;MT-CO2;EEF1A1;MT-CYB;MT-ND1;RPLP1;TPT1;MT-ND2;RPLP2;B2M;RPLP0;PTMA;PABPC1;FTH1;FTL;TMSB4X;ACTG1;RPSA;LYZ;S100A6;ANXA4;ACTB;OLFM4;TMSB10;CD24;NACA;RACK1;EEF1B2;INS;SPINK1;HSP90AA1;UBA52;ATP5F1E;PPIA;HNRNPA1;GNAS;ANXA2;HLA-B;H3-3A;MMP7;MYL6;S100A10;GAPDH;FAU;ITM2B;UQCRB;EEF2;REG4;UBB;HSP90AB1,1.0,1.0,1.0,1.0,1.0
6,CP006,0.017570059132681087,INS;TTR;GCG;SST;GNAS;CLU;CHGA;PCSK1N;SCG5;CPE;CHGB;HLA-A;B2M;EEF1A1;MT-CO1;MT-CO2;SERPINA1;SLC30A8;CTRB2;SSR4;ERO1B;CD99;PSAP;CST3;GC;DEPP1;SCG2;MT-ND1;SPINT2;PTPRN;TM4SF4;ATP5F1E;SCGN;MT-CYB;HLA-B;IGFBP7;RBP4;ALDH1A1;FTL;EMC10;CRYBA2;ABCC8;IAPP;PCSK2;RPLP1;FXYD2;GPX3;UBC;PDK4;FTH1,1.0,1.0,1.0,1.0,1.0
7,CP007,0.021573207085466093,SERPINA1;TIMP1;B2M;TMSB10;ACTB;IGFBP7;HLA-B;IGFBP5;MMP7;INS;IGFBP3;C3;EEF1A1;HLA-A;S100A6;SPARC;MYL6;CTSD;FTH1;PSAP;COL3A1;APOD;CST3;COL1A1;COL1A2;OLFM4;UBC;FTL;LCN2;ACTG1;MT-CO1;HLA-C;CD74;MGP;GAPDH;CD81;RPLP1;MT-CO2;CD63;HLA-DRA;HSPB1;PTMA;LGALS1;MYL9;BGN;LUM;CFL1;FLNA;A2M;CD151,1.0,1.0,1.0,1.0,1.0
8,CP008,0.041794510607468374,FTL;FTH1;ACTB;EEF1A1;HLA-B;FN1;CTSD;B2M;COL1A1;COL1A2;TMSB10;SPP1;COL3A1;PSAP;MT2A;CD74;IGFBP7;CTSB;SPARC;TIMP1;APOE;VIM;IGFBP5;RPLP1;TPT1;LGALS1;HLA-A;TMSB4X;ACTG1;HLA-DRA;SFRP2;MYL6;LUM;COL6A2;RPLP2;BGN;GAPDH;COL6A3;MMP11;COL5A1;POSTN;TIMP2;IFITM3;IFI6;DCN;COL6A1;RNASE1;GRN;PTMA;ACTA2,2.0,1.0,1.0,1.0,1.0
9,CP009,0.0344471663188547,S100A6;MT-CO1;TFF1;CEACAM5;TFF3;MT-CO2;B2M;KRT19;CEACAM6;MT-ND1;TFF2;PSCA;TMSB4X;MT-ND2;TM4SF4;FTH1;S100A11;TMSB10;SLPI;KRT13;KRT8;MUC5B;HSPB1;ITM2B;TPT1;S100P;KRT7;MUC1;S100A10;IFI27;WFDC2;AGR2;ANXA2;MT-CYB;EEF1A1;MMP7;CTSE;PLAT;TM4SF1;TSPAN8;GAPDH;TCN1;CP;CD24;LGALS3;HLA-B;RPLP1;ACTB;COL17A1;HSP90AA1,2.0,1.0,1.0,1.0,1.0
10,CP010,0.027370062796846877,S100A6;REG4;TFF1;OLFM4;CEACAM5;MUC5AC;TPT1;RPLP1;SPINK1;MUC1;AGR2;KRT19;CEACAM6;S100A10;ELF3;KRT8;ACTG1;S100A11;EEF1A1;B2M;TFF3;FOS;TSPAN1;ACTB;TSPAN8;LYZ;RPLP0;CTSE;RPLP2;LGALS3;ANXA2;TXNIP;HSPB1;TMSB10;MT-CO2;VMP1;TSPAN3;FTH1;MT-CO1;GPX2;TMSB4X;CLDN18;KLF2;TFF2;C19orf33;GAPDH;ZFP36L2;PHGR1;LGALS4;S100P,1.0,1.0,1.0,1.0,1.0
11,CP011,0.013628977787688314,IGKC;IGHM;IGHA1;IGLC2;IGHG4;IGHG3;IGHA2;INS;IGLC3;JCHAIN;IGFBP7;IGHG1;TIMP1;CD74;IGFBP5;MGP;APOD;B2M;SPARC;RPLP1;EEF1A1;COL3A1;C3;FTL;COL1A1;BGN;ACTB;SCGB3A1;HLA-B;HLA-DRA;TMSB10;COL1A2;DCN;PSAP;HLA-DRB1;A2M;REG1A;IGFBP4;MT-CO2;LUM;SERPING1;C7;SSR4;PPY;CTSD;MYL9;CST3;COL6A2;APOE;SFRP4,1.0,1.0,1.0,1.0,1.0
12,CP012,0.02430420601629767,COL1A1;COL1A2;MGP;C3;SPARC;COL3A1;CCN2;FTL;IGFBP7;LUM;DCN;TIMP1;BGN;AEBP1;INS;FBLN1;IGFBP4;C7;ACTB;COL6A2;SFRP2;MT2A;SERPINF1;CCDC80;C1R;FTH1;RPLP1;PSAP;EEF1A1;UBC;COL6A1;TAGLN;CST3;NBL1;ISLR;COMP;HSPB1;SERPING1;MYL9;GSN;IGKC;C1S;LRP1;S100A6;THY1;CD81;MT-ND1;GPX3;MT-CO2;PRELP,1.0,1.0,1.0,1.0,1.0
13,CP013,0.02801746706825723,INS;IGKC;IGHG4;IGFBP7;CTRB2;BGN;MGP;C3;FTL;TIMP1;MYL9;AEBP1;CTSD;FXYD2;CEL;IGLC2;SPARC;CST3;APOE;CD74;EEF1A1;SERPING1;HLA-DRA;IGFBP5;C7;ACTB;IGHA2;RPLP1;IGHG3;A2M;COL1A1;MT2A;COL6A2;TMSB10;COL18A1;PSAP;CD81;NBL1;IGFBP4;IGHG1;LGALS1;C1S;SERPINF1;SFRP4;HSPG2;SERF2;CLU;PRSS2;COL1A2;ENG,1.0,1.0,1.0,1.0,1.0
14,CP014,0.024588973782143527,IGKC;IGHA1;COL1A1;COL1A2;IGHM;SPARC;FTL;IGFBP7;COL3A1;IGFBP5;TIMP1;IGLC2;IGHG4;EEF1A1;IGLC3;BGN;APOD;FN1;MT2A;ACTB;TMSB10;CXCL14;CTSD;SFRP2;RPLP1;IGHA2;JCHAIN;APOE;HLA-B;B2M;LGALS1;IGHG3;PSAP;DCN;CD74;MGP;IGFBP3;IGHG1;LUM;MYL9;COL6A2;COMP;FTH1;MYL6;MT-CO2;VIM;S100A6;AEBP1;COL4A2;TPT1,1.0,1.0,1.0,1.0,1.0
15,CP015,0.012595733705324914,PPY;INS;IGHA1;IGKC;EEF1A1;IGLC2;C7;FXYD2;IGHA2;MT-CO1;MGP;FTH1;IGHM;FBLN1;DCN;MUC6;FTL;IGFBP7;JCHAIN;C3;MT-CYB;CHGB;MT-ND1;SERPING1;CLU;TPT1;GSN;MMP7;MT-CO2;REG3A;PSAP;TTR;PCSK1N;ANXA4;UBC;B2M;GLUL;HLA-DRA;SERPINA1;CD81;SPP1;IGHG3;GNAS;CPE;RPLP1;IGHG4;A2M;LUM;AEBP1;HTRA3,1.0,1.0,1.0,1.0,1.0
16,CP016,0.029687185937832095,EEF1A1;MT-CO2;MT-CO1;TPT1;MT-CYB;RPLP1;RPLP2;MT-ND2;RPLP0;MT-ND1;TMSB4X;FTH1;LYZ;NACA;PABPC1;ACTB;ATP5F1E;TMSB10;PTMA;REG4;AGR2;RPSA;S100A6;PPIA;FTL;EEF1B2;RACK1;FAU;GNAS;S100A10;HNRNPA1;H3-3A;SPINK4;ACTG1;UBA52;S100A11;CFL1;SLPI;MYL6;LGALS4;HSP90AB1;KRT18;GAPDH;COX4I1;SLC25A3;EEF2;KRT8;TMBIM6;OLFM4;GSTP1,1.0,1.0,1.0,1.0,1.0
17,CP017,0.027779151224458155,OLFM4;CEACAM6;REG4;FTH1;S100A6;ATP1B1;SPINK1;TFF3;B2M;TFF1;EEF1A1;CEACAM5;TPT1;EPCAM;TMSB10;LGALS4;CTSE;AGR2;CD24;HLA-B;SPINK4;S100A10;MT-CO1;TSPAN8;LGALS3;DSG2;ELF3;QSOX1;MT-CO2;KRT19;HLA-C;MDK;MUC5B;ANXA4;HLA-A;SPINT2;ITM2B;TMSB4X;LYZ;S100P;TMBIM6;SLPI;ATP5F1E;DUOX2;PHGR1;KRT8;CDH17;CD164;GRN;C19orf33,1.0,1.0,1.0,1.0,1.0
18,CP018,0.015556632470235792,MT-CO2;MT-CO1;LYZ;S100A6;MT-CYB;MT-ND1;EEF1A1;KRT8;MT-ND2;KRT19;SPINK1;RPLP1;ACTB;PIGR;OLFM4;TPT1;ABHD2;TIMP1;CIB1;TMSB10;MUC1;KRT7;LCN2;IFI27;KRT17;COL1A1;REG3A;IFI6;COL1A2;CEACAM6;GPX2;CD24;S100A11;ACTG1;B2M;KRT18;HLA-A;FTL;RPLP2;GAPDH;HSP90AA1;PTMA;S100A10;RPLP0;PPIA;MUC6;SPARC;GSTP1;RPSA;ANXA2,1.0,1.0,1.0,1.0,1.0
19,CP019,0.022608294459686006,FTL;FTH1;MT-CO1;CTSD;TMSB4X;SPP1;PSAP;EEF1A1;B2M;CTSB;TMSB10;MT-CO2;ACTB;HLA-B;TPT1;MT-CYB;MT-ND1;RPLP1;APOC1;APOE;HLA-C;S100A11;HLA-A;LYZ;GRN;MT-ND2;RPLP2;ATP5F1E;INS;S100A6;GAPDH;MYL6;PPIA;CD63;GNAS;ACTG1;VIM;CD74;RPLP0;ANXA2;CSTB;CFL1;PTMA;COL1A2;CAPG;UBA52;GPNMB;S100A10;SERF2;RPSA,1.0,1.0,1.0,1.0,1.0
20,CP020,0.02704586687223859,S100A6;MMP7;TPT1;EEF1A1;TMSB10;B2M;MT-CO1;TMSB4X;ACTG1;MT-CO2;S100A10;ACTB;ANXA2;RPLP1;MT-CYB;S100A11;PTMA;MT-ND1;FTH1;CEACAM6;HLA-B;SPINK1;KRT8;KRT19;H3-3A;MT-ND2;RPLP2;CD24;CEACAM5;OLFM4;PPIA;HSP90AA1;RPLP0;ATP5F1E;PABPC1;MYL6;SAT1;HLA-A;IFI27;LGALS3;KRT17;TACSTD2;KRT18;KRT7;HSPB1;CFL1;PERP;EPCAM;CALM2;YWHAZ,1.0,1.0,1.0,1.0,1.0
21,CP021,9.938845828447685e-08,INS;IGHG4;IGKC;IGFBP7;CTRB2;MGP;BGN;MYL9;C3;TIMP1;FTL;CEL;AEBP1;SPARC;EEF1A1;CST3;RPLP1;IGLC2;CTSD;IGFBP5;C7;IGHA2;IGHG3;MT2A;TMSB10;SERPING1;SFRP4;APOD;APOE;HLA-DRA;NBL1;C1S;COL1A2;S100A6;ACTB;A2M;COL18A1;SERPINF1;COL6A2;COL1A1;PRSS2;HSPG2;CD81;CD74;SERF2;IGHG1;IGFBP4;PTGDS;ENG;COMP,,,,,
22,CP022,0.01448885925492557,EEF1A1;B2M;TPT1;RPLP1;TMSB10;HLA-B;RPLP2;TMSB4X;MT-CO1;HLA-A;MT-CO2;ACTB;CD74;HLA-C;FTH1;FTL;INS;RPSA;ACTG1;RPLP0;UBA52;S100A6;IGKC;PTMA;RACK1;IGHA1;MT-CYB;HLA-DRA;FAU;ITM2B;CST3;GAPDH;PSAP;MT-ND1;TIMP1;IGFBP7;PPIA;UBC;EEF2;SERF2;ATP5F1E;MYL6;NACA;HLA-DRB1;PABPC1;TXNIP;HNRNPA1;GNAS;PFN1;EIF1,1.0,1.0,1.0,1.0,1.0
23,CP023,0.012410457381271616,INS;GCG;TTR;SST;PCSK1N;GNAS;CHGA;CLU;SCG5;IGHA1;CPE;IGFBP7;TIMP1;CHGB;MT-CO1;EEF1A1;IGFBP5;B2M;IGKC;MGP;ERO1B;SLC30A8;FXYD2;PSAP;FTL;SSR4;CST3;ABCC8;CD99;MT-CO2;CTSD;SCGN;REG1A;TMSB10;CD81;PTPRN;MT-ND1;C3;A2M;ACTB;C7;SPARC;CD74;BGN;PIGR;RBP4;CIRBP;HLA-B;UBC;TLE5,1.0,1.0,1.0,1.0,1.0
24,CP024,0.01458299735590379,EEF1A1;B2M;CD74;RPLP1;HLA-B;TPT1;TMSB10;TMSB4X;RPLP2;MT-CO1;FTH1;HLA-A;FTL;INS;IGFBP7;ACTB;MT-CO2;HLA-C;IGKC;CST3;IGHA1;HLA-DRA;RPSA;ACTG1;HLA-DRB1;RPLP0;PSAP;TXNIP;APOD;A2M;RACK1;UBA52;VIM;ITM2B;UBC;S100A6;FAU;IGHG4;TIMP1;MT-ND1;MT-CYB;EEF2;MYL6;SERF2;PTMA;HLA-E;IFITM3;CLU;MT2A;GSN,1.0,1.0,1.0,1.0,1.0
25,CP025,0.021757864031803718,TIMP1;IGFBP7;IGFBP5;TMSB10;IGFBP3;EEF1A1;ACTB;INS;S100A6;HLA-B;B2M;SERPINA1;MYL6;APOD;CST3;SPARC;ACTG1;HLA-A;C3;FTH1;RPLP1;UBC;COL1A1;MGP;PSAP;COL1A2;COL3A1;OLFM4;MMP7;FTL;MT-CO2;PTMA;KRT8;GAPDH;CD81;HSPB1;GSN;ITM2B;HLA-C;CD63;MT-CO1;CFL1;RPLP2;IGFBP4;CTSD;IFITM3;LUM;SERF2;MYL9;LCN2,1.0,1.0,1.0,1.0,1.0
26,CP026,0.01636641459444921,INS;FTL;CD74;RPLP1;IGFBP7;B2M;C3;EEF1A1;CST3;TMSB10;MT2A;ACTB;FTH1;IGFBP4;IGKC;TIMP1;MGP;IGHG4;HLA-A;GSN;IFITM3;HLA-DRA;RPLP2;APOE;IGHG3;C7;HLA-DRB1;HLA-B;TPT1;A2M;TMSB4X;COL6A2;PSAP;IGHA1;S100A6;IGHG1;VIM;CD81;PTGDS;SERPING1;BGN;C1QA;HLA-E;UBC;MT-CO2;TAGLN;FAU;MYL9;CTSD;DCN,1.0,1.0,1.0,1.0,1.0
27,CP027,9.9386911167984e-08,INS;TTR;GCG;SST;GNAS;CLU;CHGA;PCSK1N;SCG5;CPE;EEF1A1;MT-CO1;CHGB;B2M;HLA-A;MT-CO2;CTRB2;SERPINA1;SSR4;SLC30A8;ERO1B;CD99;MT-ND1;GC;CST3;DEPP1;SCG2;PSAP;PTPRN;SPINT2;IGFBP7;MT-CYB;ATP5F1E;TM4SF4;ALDH1A1;SCGN;RBP4;HLA-B;EMC10;PRSS2;ABCC8;CRYBA2;RPLP1;TPT1;FTL;PDK4;PCSK2;IAPP;GPX3;FXYD2,,,,,
28,CP028,0.04407255421555976,EEF1A1;B2M;TPT1;S100A6;MT-CO1;MT-CO2;INS;RPLP1;TMSB10;ACTG1;ACTB;HLA-B;TMSB4X;MT-CYB;FTH1;MT-ND1;RPLP2;PTMA;MMP7;SPINK1;FTL;RPLP0;HLA-A;ANXA2;ANXA4;CD24;KRT8;MT-ND2;MYL6;CTRB2;S100A11;S100A10;ITM2B;RPSA;ELF3;TXNIP;UBC;HSPB1;VMP1;UBA52;H3-3B;CD63;PABPC1;KRT19;PPIA;REG4;RACK1;NACA;ATP5F1E;TFF1,2.0,1.0,1.0,1.0,1.0
29,CP029,9.938607365064394e-08,IGKC;IGHM;IGHG4;IGHA1;IGLC2;IGHG3;IGFBP7;IGHA2;IGLC3;JCHAIN;APOD;INS;IGHG1;TIMP1;RPLP1;B2M;MGP;IGFBP5;EEF1A1;SPARC;CD74;DCN;COL3A1;HLA-B;COL1A2;FTL;BGN;MT-CO2;C3;LUM;TMSB10;ACTB;SSR4;COL1A1;SFRP4;A2M;C1S;IGFBP4;SCGB3A1;HLA-DRA;PSAP;RPSA;SERF2;ENG;C7;S100A6;MT-CYB;REG1A;FTH1;SERPING1,,,,,
30,CP030,0.01298296990161607,INS;MT-CO1;MT-CO2;S100A6;TTR;GCG;MT-ND1;MT-ND2;MT-CYB;B2M;EEF1A1;COL1A2;GNAS;IGFBP5;IGFBP7;IGHA1;KRT19;COL1A1;HLA-B;COL3A1;RPLP1;IGKC;SERPINA1;ACTB;SPARC;TPT1;TMSB10;KRT7;KRT8;S100A11;IFI27;SLPI;TIMP1;MMP7;IGFBP3;CEACAM6;GAPDH;HSPB1;TMSB4X;HLA-A;RPLP2;ITM2B;RPLP0;APOD;S100A10;ACTG1;CTSD;FN1;MYL6;CXCL14,1.0,1.0,1.0,1.0,1.0
31,CP031,9.9386522344363e-08,INS;GCG;TTR;GNAS;PCSK1N;SST;CHGA;CLU;CPE;SCG5;IGFBP7;EEF1A1;MT-CO1;IGHA1;CHGB;TIMP1;B2M;ERO1B;MGP;SLC30A8;IGFBP5;MT-CO2;FXYD2;SSR4;PSAP;IGKC;FTL;ABCC8;CD99;CST3;SCGN;CTSD;PTPRN;MT-ND1;CTRB2;REG1A;CD81;SPARC;CD74;C7;A2M;APOD;PIGR;BGN;RBP4;ACTB;CIRBP;TLE5;C3;FTH1,,,,,
32,CP032,9.938701168865773e-08,INS;PPY;IGKC;IGHA1;EEF1A1;IGLC2;IGHA2;MT-CO1;C7;IGFBP7;DCN;FTH1;FXYD2;MGP;MT-CYB;IGHM;ANXA4;JCHAIN;MMP7;TPT1;FBLN1;GSN;MT-ND1;FTL;MUC6;MT-CO2;CLU;SERPING1;UBC;B2M;CHGB;SERPINA1;C3;RPLP1;PSAP;GLUL;CD81;GNAS;TSC22D3;A2M;IGHG3;ATP1A1;HLA-DRA;TTR;LUM;CPE;HTRA3;RACK1;PCSK1N;RPLP0,,,,,
33,CP033,0.02244330323911336,INS;EEF1A1;B2M;TMSB10;FTL;HLA-B;ACTB;IGFBP7;FTH1;S100A6;RPLP1;CD74;CTRB2;PSAP;CTSD;TIMP1;ACTG1;HLA-A;MT-CO2;TPT1;MYL6;TMSB4X;COL1A2;MGP;CST3;C3;HLA-DRA;MT2A;RPLP2;TTR;SERF2;MT-CO1;SPARC;CD81;PTMA;HSPB1;RPLP0;SPP1;APOD;COL1A1;CD63;MT-ND1;COL3A1;KRT8;A2M;FXYD2;ITM2B;UBC;RACK1;RPSA,1.0,1.0,1.0,1.0,1.0
34,CP034,0.02385253382114062,EEF1A1;FTL;SPP1;INS;IGFBP7;B2M;FTH1;CD74;TMSB10;HLA-B;HLA-DRA;C3;ACTB;CTRB2;TMSB4X;RPLP1;MT-CO2;MGP;PSAP;CTSD;TPT1;MT-ND1;VIM;ACTG1;MYL6;S100A6;PTMA;COL1A2;A2M;RPLP2;TIMP1;MT-CO1;HLA-A;MT2A;APOD;SERPINA1;MT-CYB;FXYD2;IGKC;TTR;IGFBP5;RPLP0;SPARC;MT-ND2;UBA52;RPSA;RACK1;REG1A;COL3A1;LUM,1.0,1.0,1.0,1.0,1.0
35,CP035,0.0002843493219402885,CST1;CTRB2;COL1A2;MUC5AC;FN1;CEL;REG3A;MMP11;HLA-DQA2;COL1A1;S100A6;PLA2G1B;CTRB1;CPA1;EEF1A1;TPT1;CPB1;S100A11;THBS4;SPARC;MFGE8;CLPS;COL3A1;LUM;TFF1;MT-ND2;RPLP1;TMSB10;KRT17;RPLP2;CTHRC1;COMMD6;REG1A;HSPB1;MT-CO2;NACA;HSP90AB1;CD55;PABPC1;ITGB1;GP2;HSPA8;SPTBN1;CEACAM5;S100A13;LYZ;DYNLL1;MYL12B;KDELR2;SPATS2L,,,,,
36,CP036,0.05630886547885791,MT-CO1;S100A6;COL1A2;B2M;MT-CO2;COL1A1;MT-ND1;TMSB10;EEF1A1;ACTB;MT-ND2;FTL;COL3A1;HLA-B;FN1;SPARC;FTH1;TMSB4X;TPT1;MMP7;MT-CYB;RPLP1;CTSD;IGFBP7;S100A11;ACTG1;CD74;TIMP1;SPP1;RPLP2;ANXA2;S100A10;GAPDH;HSPB1;IGFBP5;KRT17;MYL6;PSAP;ITM2B;HLA-A;CTSB;IFI27;MT2A;RPLP0;IGKC;PTMA;PPIA;LUM;KRT19;IFITM3,3.0,1.0,1.0,1.0,1.0
37,CP037,0.038551244923771995,COL1A1;COL1A2;COL3A1;SPARC;IGFBP7;FTL;ACTB;FN1;CD74;APOE;IGFBP5;TIMP1;LUM;CTSD;B2M;TMSB10;DCN;LGALS1;APOD;VIM;SFRP2;PSAP;HLA-DRA;IGFBP3;RPLP1;INS;AEBP1;TAGLN;ACTA2;MMP11;MYL9;FTH1;BGN;HLA-B;CCN2;MGP;MYL6;CTSB;HLA-DRB1;COL6A2;CXCL14;COL5A1;EEF1A1;FLNA;COL4A2;TIMP3;COL4A1;THBS2;CST3;C3,1.0,1.0,1.0,1.0,1.0
38,CP038,0.04215258225692424,EEF1A1;TMSB10;ACTB;S100A6;FTH1;MT-CO2;MT-CO1;RPLP1;TPT1;RPLP2;FTL;MYL6;INS;ACTG1;TMSB4X;KRT8;B2M;MT-CYB;RPLP0;OLFM4;GAPDH;HLA-B;PTMA;HLA-A;S100A11;KRT19;CFL1;COL1A2;GSTP1;PPIA;ATP5F1E;S100A10;UBC;COL1A1;GNAS;KRT18;CD63;ANXA2;PSAP;MT-ND1;RPSA;MDK;MT-ND2;HLA-C;SPINK1;FAU;RACK1;KRT7;COL3A1;CTSD,2.0,1.0,1.0,1.0,1.0
39,CP039,0.021213240954128815,COL1A2;APOD;COL1A1;IGFBP7;COL3A1;SPARC;LUM;FN1;EEF1A1;IGFBP5;TMSB10;DCN;VIM;IGFBP3;MMP11;RPLP1;FTL;ACTB;S100A6;CXCL14;SFRP2;CCN2;B2M;MGP;AEBP1;TIMP1;FTH1;INS;TPT1;LGALS1;TMSB4X;MYL9;TAGLN;GSN;A2M;TIMP3;COL4A1;COMP;S100A11;BGN;ISLR;CALD1;RPLP2;MYL6;PSAP;ACTG1;TIMP2;ACTA2;MT-CO2;MT2A,1.0,1.0,1.0,1.0,0.7118114233016968
40,CP040,0.03582690887853066,B2M;MMP7;TMSB10;S100A6;TMSB4X;HLA-B;EEF1A1;TPT1;ACTB;MT-CO1;RPLP1;ANXA2;KRT17;ACTG1;S100A11;S100A10;MT-CO2;ITM2B;KRT19;HSPB1;FTH1;RPLP2;COL1A2;MT-ND1;GAPDH;IFI27;PTMA;MYL6;COL1A1;PPIA;RPLP0;MT-ND2;IGFBP7;MT-CYB;COL3A1;KRT7;CEACAM6;HLA-A;RPSA;PLAT;TFF1;VMP1;CAP1;UBC;IFITM3;CEACAM5;SERPINA1;ITGB1;KRT8;CFL1,2.0,1.0,1.0,1.0,1.0
41,CP041,0.02068050916761273,CTRB2;PRSS2;REG1A;CEL;REG3A;CELA3A;CPB1;GP2;PRSS1;SPINK1;CTRB1;CTRC;CPA1;CPA2;PNLIP;CLPS;REG1B;PLA2G1B;EEF1A1;INS;SYCN;REG3G;CELA3B;KLK1;FXYD2;C3;GATM;PNLIPRP1;EEF2;MT1G;MT2A;CLU;TPT1;SPP1;CD24;P4HB;RNASE1;HLA-B;PDIA2;RPSA;RACK1;AMY2A;RPLP2;EEF1D;RPLP0;MT-ND1;ACTG1;ACTB;CELA2A;A2M,1.0,1.0,1.0,1.0,1.0
42,CP042,0.02208251813865306,TMSB10;ACTB;S100A6;EEF1A1;FTH1;OLFM4;KRT8;S100A10;S100A11;GAPDH;KRT19;MYL6;MT-CO1;B2M;TMSB4X;CFL1;HLA-B;TPT1;ACTG1;HLA-A;FTL;SPINK1;GSTP1;MT-CO2;CEACAM6;ANXA2;RPLP2;MDK;UBC;KRT7;ATP5F1E;KRT18;PTMA;CD63;PPIA;HLA-C;SPINT2;MMP7;RPLP1;GNAS;TMBIM6;RPLP0;CD151;PSAP;MT-CYB;INS;EZR;TAGLN2;CLDN4;MYL12B,1.0,1.0,1.0,1.0,1.0
43,CP043,0.01453031566176726,APOD;EEF1A1;TMSB10;VIM;B2M;MT-CO1;MT-CO2;RPLP1;ACTB;FTH1;S100A6;TMSB4X;GSN;TPT1;IGFBP7;PSAP;RPLP2;FTL;SPARC;CD74;CST3;TIMP1;ACTG1;MT2A;HLA-A;HLA-B;INS;MT-CYB;MT-ND1;RPSA;IGKC;HLA-C;ITM2B;IFITM3;A2M;UBC;RPLP0;UBA52;IGFBP5;HLA-DRA;DCN;FN1;PTMA;CD81;LGALS1;RACK1;GAPDH;HLA-DRB1;COL1A2;FAU,1.0,1.0,1.0,1.0,1.0
44,CP044,0.01572779515299606,FTL;RPLP1;CD74;EEF1A1;INS;IGFBP7;TIMP1;TMSB10;ACTB;B2M;FTH1;CST3;C3;MGP;IGHG4;MT2A;IGKC;RPLP2;MT-CO2;S100A6;TPT1;HLA-A;APOE;PSAP;MT-CO1;IGHG3;SPARC;TMSB4X;IGFBP4;HLA-DRA;IFITM3;GSN;HLA-B;MT-ND1;UBC;BGN;HLA-DRB1;COL6A2;IGHA1;CTSD;A2M;COL1A2;MYL6;VIM;MT-CYB;COL1A1;CD81;IGHG1;RPSA;ACTG1,1.0,1.0,1.0,1.0,1.0
45,CP045,0.022047934920681727,INS;TMSB10;EEF1A1;ACTB;HLA-B;B2M;S100A6;FTL;IGFBP7;PSAP;TIMP1;CTRB2;MYL6;ACTG1;HLA-A;FTH1;CST3;CTSD;RPLP1;CD74;MT-CO2;MGP;MT2A;COL1A2;TPT1;COL1A1;SERF2;HSPB1;CD81;TMSB4X;SPARC;HLA-DRA;KRT8;CD63;C3;FXYD2;A2M;UBC;RPLP2;COL3A1;SERPING1;RPLP0;IGFBP5;APOD;MT-CO1;SPP1;EEF2;SERPINA1;IGFBP4;BGN,1.0,1.0,1.0,1.0,1.0
46,CP046,0.014531694658370358,EEF1A1;B2M;TMSB10;CD74;RPLP1;TMSB4X;HLA-B;TPT1;RPLP2;ACTB;HLA-A;FTH1;FTL;INS;IGFBP7;HLA-DRA;CST3;IGKC;HLA-C;PSAP;ACTG1;APOD;VIM;RPSA;MT-CO1;HLA-DRB1;MT-CO2;RPLP0;A2M;TXNIP;UBA52;IGHA1;FAU;RACK1;S100A6;ITM2B;UBC;MT2A;IGHG4;TIMP1;IFITM3;HLA-E;PTMA;MYL6;SERF2;EEF2;SPARC;CD81;GAPDH;APOE,1.0,1.0,1.0,1.0,1.0
47,CP047,0.023463054139959798,TMSB10;EEF1A1;ACTB;S100A6;FTH1;S100A10;KRT8;TPT1;MT-CO1;KRT19;S100A11;TMSB4X;RPLP2;GAPDH;MYL6;CFL1;MT-CO2;RPLP0;ATP5F1E;OLFM4;ACTG1;GSTP1;FTL;PTMA;KRT18;MT-CYB;B2M;CEACAM6;RPLP1;HLA-A;SPINK1;HLA-B;MDK;SPINT2;PPIA;C19orf33;ANXA2;CLDN4;TMBIM6;LGALS4;GNAS;MYL12B;CD63;UBC;EPCAM;CTSE;EZR;HLA-C;LGALS3;H3-3A,1.0,1.0,1.0,1.0,1.0
