slide_index,sample_id,source,local_program_index,rna_mass_fraction,slide_position,slide_dir,patient,technology,batch,posterior_stability,global_local_program_row,consensus_primary_index,consensus_primary,primary_weight,secondary_index,secondary_weight,mapping_entropy
0,NCBI569,HEST,0,0.080342072099812,0,original-artifact/000__NCBI569,sample:NCBI569,Visium,HEST|Visium,0.4200917184352875,0,38,CP038,1.0,31,2.4657933681004884e-11,9.55518049117613e-10
0,NCBI569,HEST,1,0.0983996919719802,0,original-artifact/000__NCBI569,sample:NCBI569,Visium,HEST|Visium,0.4895879626274109,1,16,CP016,1.0,31,6.675491756591434e-12,2.547058933765859e-10
0,NCBI569,HEST,2,0.04937792604562,0,original-artifact/000__NCBI569,sample:NCBI569,Visium,HEST|Visium,0.46183380484580994,2,11,CP011,1.0,6,8.12033912334087e-11,2.81863549787692e-09
0,NCBI569,HEST,3,0.0851414239482108,0,original-artifact/000__NCBI569,sample:NCBI569,Visium,HEST|Visium,0.434878408908844,3,42,CP042,1.0,31,1.1743370165184785e-11,4.2674797228690847e-10
0,NCBI569,HEST,4,0.1070819352212074,0,original-artifact/000__NCBI569,sample:NCBI569,Visium,HEST|Visium,0.5207976698875427,4,37,CP037,1.0,31,1.920156741941348e-11,5.716275078788612e-10
0,NCBI569,HEST,5,0.0813165150203835,0,original-artifact/000__NCBI569,sample:NCBI569,Visium,HEST|Visium,0.41672012209892273,5,7,CP007,1.0,31,3.4412746957590556e-11,1.1729017942932277e-09
0,NCBI569,HEST,6,0.0826645304329618,0,original-artifact/000__NCBI569,sample:NCBI569,Visium,HEST|Visium,0.4188050329685211,6,25,CP025,1.0,31,3.4575578511386595e-11,1.1734170991624467e-09
0,NCBI569,HEST,7,0.1024910604730305,0,original-artifact/000__NCBI569,sample:NCBI569,Visium,HEST|Visium,0.5221722722053528,7,17,CP017,1.0,31,4.703886152118697e-12,3.3674473435052835e-10
0,NCBI569,HEST,8,0.0797849708589522,0,original-artifact/000__NCBI569,sample:NCBI569,Visium,HEST|Visium,0.413961261510849,8,38,CP038,1.0,3,1.0071198319749897e-09,6.874186686556775e-09
0,NCBI569,HEST,9,0.0843207527058618,0,original-artifact/000__NCBI569,sample:NCBI569,Visium,HEST|Visium,0.4443567097187042,9,19,CP019,1.0,31,2.6066333119745266e-11,9.244760356150826e-10
0,NCBI569,HEST,10,0.0589887949798482,0,original-artifact/000__NCBI569,sample:NCBI569,Visium,HEST|Visium,0.4805344343185425,10,23,CP023,1.0,6,2.8194585555141316e-11,5.187665891334372e-09
0,NCBI569,HEST,11,0.090090326242131,0,original-artifact/000__NCBI569,sample:NCBI569,Visium,HEST|Visium,0.4459878206253052,11,47,CP047,1.0,31,7.954286534994637e-12,2.990210796842262e-10
1,NCBI570,HEST,0,0.0760332961159302,1,original-artifact/001__NCBI570,sample:NCBI570,Visium,HEST|Visium,0.4083285927772522,12,36,CP036,1.0,18,3.600410941606569e-11,1.3802906669531597e-09
1,NCBI570,HEST,1,0.0875292030774341,1,original-artifact/001__NCBI570,sample:NCBI570,Visium,HEST|Visium,0.4952959716320038,13,9,CP009,1.0,5,1.0454416846106263e-11,4.3681907367293756e-10
1,NCBI570,HEST,2,0.0895204486266259,1,original-artifact/001__NCBI570,sample:NCBI570,Visium,HEST|Visium,0.5078108310699463,14,9,CP009,1.0,31,2.2007556367553693e-12,1.9565995107855138e-10
1,NCBI570,HEST,3,0.0782947905243117,1,original-artifact/001__NCBI570,sample:NCBI570,Visium,HEST|Visium,0.42536476254463196,15,40,CP040,1.0,0,5.569927765541882e-12,3.079881816857614e-10
1,NCBI570,HEST,4,0.0764821895843278,1,original-artifact/001__NCBI570,sample:NCBI570,Visium,HEST|Visium,0.4083818793296814,16,36,CP036,1.0,37,5.404132436687137e-12,4.995593916746151e-10
1,NCBI570,HEST,5,0.0823396136273803,1,original-artifact/001__NCBI570,sample:NCBI570,Visium,HEST|Visium,0.43065980076789856,17,8,CP008,1.0,0,2.1157207930055932e-11,4.860232321347134e-10
1,NCBI570,HEST,6,0.0514599256629796,1,original-artifact/001__NCBI570,sample:NCBI570,Visium,HEST|Visium,0.4137912392616272,18,30,CP030,1.0,23,3.4331695472622492e-12,2.0082171819684604e-10
1,NCBI570,HEST,7,0.0806965021370748,1,original-artifact/001__NCBI570,sample:NCBI570,Visium,HEST|Visium,0.422622948884964,19,8,CP008,1.0,31,2.2399920460158818e-12,2.401435406693648e-10
1,NCBI570,HEST,8,0.0826467235362965,1,original-artifact/001__NCBI570,sample:NCBI570,Visium,HEST|Visium,0.4756692051887512,20,14,CP014,1.0,31,2.502583643787526e-12,2.240118282448146e-10
1,NCBI570,HEST,9,0.0780527636549214,1,original-artifact/001__NCBI570,sample:NCBI570,Visium,HEST|Visium,0.41715818643569946,21,40,CP040,1.0,31,2.3847185077335853e-12,2.526466814320364e-10
1,NCBI570,HEST,10,0.0736049619523148,1,original-artifact/001__NCBI570,sample:NCBI570,Visium,HEST|Visium,0.40517276525497437,22,36,CP036,1.0,0,8.953605218353644e-12,6.484917335276184e-10
1,NCBI570,HEST,11,0.1433395815004023,1,original-artifact/001__NCBI570,sample:NCBI570,Visium,HEST|Visium,0.5744596719741821,23,3,CP003,1.0,0,3.306101920008686e-12,4.892514588321072e-10
2,NCBI571,HEST,0,0.0770828056052522,2,original-artifact/002__NCBI571,sample:NCBI571,Visium,HEST|Visium,0.4006505608558655,24,24,CP024,1.0,23,1.2873034886326518e-12,1.1922781091431507e-10
2,NCBI571,HEST,1,0.0898884182682695,2,original-artifact/002__NCBI571,sample:NCBI571,Visium,HEST|Visium,0.4462726414203644,25,1,CP001,1.0,23,1.3451692017218964e-12,1.1473170566674756e-10
2,NCBI571,HEST,2,0.0903074272013967,2,original-artifact/002__NCBI571,sample:NCBI571,Visium,HEST|Visium,0.5160984992980957,26,18,CP018,1.0,23,1.1686408134606308e-12,1.2047646017270275e-10
2,NCBI571,HEST,3,0.0835465827662986,2,original-artifact/002__NCBI571,sample:NCBI571,Visium,HEST|Visium,0.6023091673851013,27,4,CP004,1.0,23,2.2422363445129267e-12,2.3644800346487567e-10
2,NCBI571,HEST,4,0.0809078235132519,2,original-artifact/002__NCBI571,sample:NCBI571,Visium,HEST|Visium,0.42097124457359314,28,26,CP026,1.0,23,1.3353401500867945e-12,1.1728226114824577e-10
2,NCBI571,HEST,5,0.0787209436438024,2,original-artifact/002__NCBI571,sample:NCBI571,Visium,HEST|Visium,0.4055580794811249,29,22,CP022,1.0,23,1.2063010096027837e-12,1.1634942540387412e-10
2,NCBI571,HEST,6,0.106803044701477,2,original-artifact/002__NCBI571,sample:NCBI571,Visium,HEST|Visium,0.5191720724105835,30,12,CP012,1.0,23,1.2494214647260082e-12,1.1304780189066619e-10
2,NCBI571,HEST,7,0.0788149756218905,2,original-artifact/002__NCBI571,sample:NCBI571,Visium,HEST|Visium,0.40918561816215515,31,44,CP044,1.0,23,1.3553989744799488e-12,1.1958526638459255e-10
2,NCBI571,HEST,8,0.0903439712083942,2,original-artifact/002__NCBI571,sample:NCBI571,Visium,HEST|Visium,0.5398309230804443,32,0,CP000,1.0,23,6.265018451939719e-12,1.1914807603215532e-09
2,NCBI571,HEST,9,0.0768814413639741,2,original-artifact/002__NCBI571,sample:NCBI571,Visium,HEST|Visium,0.4049288332462311,33,46,CP046,1.0,23,1.293890775772022e-12,1.1975387759075663e-10
2,NCBI571,HEST,10,0.0775154777264899,2,original-artifact/002__NCBI571,sample:NCBI571,Visium,HEST|Visium,0.4155729413032532,34,43,CP043,1.0,23,1.2869230420903266e-12,1.1871598337787613e-10
2,NCBI571,HEST,11,0.0691870883795028,2,original-artifact/002__NCBI571,sample:NCBI571,Visium,HEST|Visium,0.4200815260410309,35,15,CP015,1.0,23,2.939151092645753e-12,3.059290270992784e-10
3,NCBI572,HEST,0,0.0933584811188292,3,original-artifact/003__NCBI572,sample:NCBI572,Visium,HEST|Visium,0.4835076332092285,36,13,CP013,1.0,2,1.0850122189598466e-10,3.818700001026204e-09
3,NCBI572,HEST,1,0.1080777756017237,3,original-artifact/003__NCBI572,sample:NCBI572,Visium,HEST|Visium,0.5598317980766296,37,10,CP010,1.0,31,5.590810366745691e-12,3.6469104696825746e-10
3,NCBI572,HEST,2,0.0832162631283609,3,original-artifact/003__NCBI572,sample:NCBI572,Visium,HEST|Visium,0.4259255826473236,38,28,CP028,1.0,2,6.247837663897471e-11,2.3175769957768923e-09
3,NCBI572,HEST,3,0.0633302683132539,3,original-artifact/003__NCBI572,sample:NCBI572,Visium,HEST|Visium,0.4851829707622528,39,6,CP006,1.0,31,3.794017877645217e-11,3.934310002085863e-09
3,NCBI572,HEST,4,0.0777540714582401,3,original-artifact/003__NCBI572,sample:NCBI572,Visium,HEST|Visium,0.41806134581565857,40,45,CP045,1.0,2,9.162653274996657e-11,3.1169869221350408e-09
3,NCBI572,HEST,5,0.0753294935930554,3,original-artifact/003__NCBI572,sample:NCBI572,Visium,HEST|Visium,0.41002357006073,41,28,CP028,1.0,2,3.3189440085124033e-10,1.2571469362373903e-08
3,NCBI572,HEST,6,0.0923168979846783,3,original-artifact/003__NCBI572,sample:NCBI572,Visium,HEST|Visium,0.4660537540912628,42,20,CP020,1.0,2,4.211724025093844e-11,1.4744776596163549e-09
3,NCBI572,HEST,7,0.0767674667294503,3,original-artifact/003__NCBI572,sample:NCBI572,Visium,HEST|Visium,0.41438955068588257,43,34,CP034,1.0,2,1.3618657590530603e-10,4.5147405965751714e-09
3,NCBI572,HEST,8,0.0855824774089342,3,original-artifact/003__NCBI572,sample:NCBI572,Visium,HEST|Visium,0.4704754948616028,44,39,CP039,0.7118114233016968,37,0.27625298500061035,0.16980869547359692
3,NCBI572,HEST,9,0.0792452823259256,3,original-artifact/003__NCBI572,sample:NCBI572,Visium,HEST|Visium,0.5629720687866211,45,41,CP041,1.0,4,6.303882416069939e-11,2.51131923726089e-09
3,NCBI572,HEST,10,0.0766397297720885,3,original-artifact/003__NCBI572,sample:NCBI572,Visium,HEST|Visium,0.40948212146759033,46,33,CP033,1.0,2,1.0681948381385808e-10,3.7022883636294785e-09
3,NCBI572,HEST,11,0.0883817925654593,3,original-artifact/003__NCBI572,sample:NCBI572,Visium,HEST|Visium,0.45674455165863037,47,5,CP005,1.0,2,8.263695283616812e-11,2.8730201221866617e-09
