epoch,total,spot,basis,log_basis,entropy,collision,diversity,technology,batch
1.0,0.13074980676174164,0.11326173692941666,0.030797984451055527,0.02956436574459076,0.02916470170021057,0.07291437685489655,6.022726779519871e-07,0.0,0.0
2.0,0.12140778452157974,0.10430122166872025,0.02987067773938179,0.028801199048757553,0.02866997942328453,0.07290828227996826,6.304901489784243e-07,0.0,0.0
3.0,0.11301891505718231,0.0962618887424469,0.029022149741649628,0.028103185817599297,0.028185974806547165,0.0728984922170639,6.495860702671052e-07,0.0,0.0
4.0,0.10550281405448914,0.08906354755163193,0.02825240045785904,0.02746841311454773,0.027734342962503433,0.07288650423288345,6.535931333928602e-07,0.0,0.0
5.0,0.09875231981277466,0.08260048180818558,0.027558131143450737,0.026893971487879753,0.027305839583277702,0.07287295162677765,6.403379870789649e-07,0.0,0.0
6.0,0.0926702618598938,0.07677718997001648,0.02693529613316059,0.02637655660510063,0.026897139847278595,0.07285775244235992,6.105562420088972e-07,0.0,0.0
7.0,0.08717995882034302,0.07151883840560913,0.026379451155662537,0.025912288576364517,0.026509441435337067,0.0728411078453064,5.68031168768357e-07,0.0,0.0
8.0,0.08221998810768127,0.06676603853702545,0.02588576078414917,0.025496825575828552,0.026141365990042686,0.07282331585884094,5.182792506275291e-07,0.0,0.0
9.0,0.07774118334054947,0.06247185915708542,0.025449031963944435,0.02512546442449093,0.025790683925151825,0.07280461490154266,4.6598273684139713e-07,0.0,0.0
10.0,0.07370492070913315,0.05859997868537903,0.025063954293727875,0.024793289601802826,0.025455651804804802,0.07278524339199066,4.152024075665395e-07,0.0,0.0
11.0,0.07008010149002075,0.0551215298473835,0.02472548373043537,0.024495400488376617,0.025135084986686707,0.07276535034179688,3.7074417491567146e-07,0.0,0.0
12.0,0.06683964282274246,0.05201156064867973,0.024428866803646088,0.024227041751146317,0.024827970191836357,0.07274504005908966,3.3442881886003306e-07,0.0,0.0
13.0,0.06395705789327621,0.0492456778883934,0.024169500917196274,0.02398368902504444,0.024533458054065704,0.0727243572473526,3.0620284974247625e-07,0.0,0.0
14.0,0.06140321493148804,0.04679666459560394,0.02394285425543785,0.02376118116080761,0.024250872433185577,0.07270336896181107,2.8474411806200806e-07,0.0,0.0
15.0,0.0591445118188858,0.044632717967033386,0.023744482547044754,0.023555953055620193,0.02397996000945568,0.07268210500478745,2.6814586817636155e-07,0.0,0.0
16.0,0.05714431777596474,0.042718756943941116,0.023570220917463303,0.02336510829627514,0.023720597848296165,0.07266059517860413,2.5249374857594375e-07,0.0,0.0
17.0,0.05536578968167305,0.041019242256879807,0.023416366428136826,0.023186391219496727,0.023472793400287628,0.07263889908790588,2.3723985975721007e-07,0.0,0.0
18.0,0.05377451702952385,0.03950081020593643,0.023279817774891853,0.023018091917037964,0.023236602544784546,0.07261700928211212,2.2262069876433088e-07,0.0,0.0
19.0,0.05234012380242348,0.03813391923904419,0.02315806970000267,0.022858891636133194,0.023012157529592514,0.07259491086006165,2.0881739715150616e-07,0.0,0.0
20.0,0.051037129014730453,0.03689374402165413,0.023049134761095047,0.022707734256982803,0.02279956080019474,0.07257254421710968,1.9602167355969868e-07,0.0,0.0
21.0,0.04984503984451294,0.035760343074798584,0.022951388731598854,0.022563736885786057,0.022598996758461,0.07254980504512787,1.8437317805819475e-07,0.0,0.0
22.0,0.04874816909432411,0.034718506038188934,0.022863488644361496,0.02242610976099968,0.022410647943615913,0.07252654433250427,1.7386462047852547e-07,0.0,0.0
23.0,0.04773487523198128,0.03375700116157532,0.02278425171971321,0.022294173017144203,0.022234715521335602,0.07250253856182098,1.644829836777717e-07,0.0,0.0
24.0,0.04679655656218529,0.032867591828107834,0.022712642326951027,0.02216733992099762,0.022071436047554016,0.07247758656740189,1.56197103251543e-07,0.0,0.0
25.0,0.04592658951878548,0.032043978571891785,0.02264772728085518,0.02204512245953083,0.021921232342720032,0.0724513977766037,1.4897226208177017e-07,0.0,0.0
26.0,0.04511931538581848,0.0312807522714138,0.022588681429624557,0.02192714437842369,0.021784653887152672,0.07242375612258911,1.426455469299981e-07,0.0,0.0
27.0,0.044369421899318695,0.030572835355997086,0.022534767165780067,0.021813159808516502,0.021662510931491852,0.07239434123039246,1.3717722424644307e-07,0.0,0.0
28.0,0.043671805411577225,0.029915273189544678,0.02248530089855194,0.02170305699110031,0.021555807441473007,0.07236292958259583,1.3257552211598522e-07,0.0,0.0
29.0,0.04302156716585159,0.029303310438990593,0.022439628839492798,0.021596811711788177,0.021465826779603958,0.07232925295829773,1.2892365930383676e-07,0.0,0.0
30.0,0.042414020746946335,0.02873239666223526,0.022397104650735855,0.021494435146450996,0.021394070237874985,0.07229308784008026,1.2619995004570228e-07,0.0,0.0
31.0,0.041844673454761505,0.02819811925292015,0.022357143461704254,0.0213959701359272,0.02134208008646965,0.07225419580936432,1.2365308066364378e-07,0.0,0.0
32.0,0.041309162974357605,0.027696214616298676,0.022319216281175613,0.02130146510899067,0.02131154015660286,0.07221239805221558,1.210910909321683e-07,0.0,0.0
33.0,0.040803298354148865,0.027222568169236183,0.02228284813463688,0.02121095173060894,0.021304063498973846,0.07216748595237732,1.1853899906100196e-07,0.0,0.0
34.0,0.04032314568758011,0.02677333354949951,0.02224760502576828,0.02112443558871746,0.02132122591137886,0.07211928069591522,1.1602959659740009e-07,0.0,0.0
35.0,0.039865173399448395,0.02634504996240139,0.022213120013475418,0.021041875705122948,0.02136455476284027,0.07206759601831436,1.13565711501451e-07,0.0,0.0
36.0,0.03942637890577316,0.02593478187918663,0.022179123014211655,0.020963193848729134,0.02143552154302597,0.07201223820447922,1.111355985017326e-07,0.0,0.0
37.0,0.039004333317279816,0.02554016374051571,0.022145459428429604,0.020888272672891617,0.02153559774160385,0.07195302844047546,1.0870293465359282e-07,0.0,0.0
38.0,0.0385972298681736,0.025159424170851707,0.0221120435744524,0.020816966891288757,0.021666262298822403,0.07188974320888519,1.0626661151036387e-07,0.0,0.0
39.0,0.038203779608011246,0.024791335687041283,0.022078819572925568,0.020749110728502274,0.021829018369317055,0.0718221589922905,1.0380129822351591e-07,0.0,0.0
40.0,0.037823278456926346,0.024435237050056458,0.022045783698558807,0.020684516057372093,0.022025462239980698,0.07175001502037048,1.0128530192332619e-07,0.0,0.0
41.0,0.03745539113879204,0.024090826511383057,0.022012950852513313,0.020622991025447845,0.0222572460770607,0.07167305052280426,9.872382378262046e-08,0.0,0.0
42.0,0.03709990531206131,0.0237579308450222,0.02198037877678871,0.020564351230859756,0.022526059299707413,0.07159094512462616,9.613570739475108e-08,0.0,0.0
43.0,0.03675645962357521,0.02343621663749218,0.021948130801320076,0.020508425310254097,0.02283361181616783,0.07150335609912872,9.350446106282106e-08,0.0,0.0
44.0,0.03642437607049942,0.023125041276216507,0.02191627211868763,0.02045506238937378,0.02318173460662365,0.0714099258184433,9.083415619670632e-08,0.0,0.0
45.0,0.0361027717590332,0.022823516279459,0.021884921938180923,0.020404152572155,0.023572154343128204,0.07131023705005646,8.814596696993249e-08,0.0,0.0
46.0,0.035790544003248215,0.022530535236001015,0.021854223683476448,0.020355604588985443,0.024006729945540428,0.07120384275913239,8.544486007622254e-08,0.0,0.0
47.0,0.035486478358507156,0.022244887426495552,0.021824341267347336,0.02030934765934944,0.024487309157848358,0.07109023630619049,8.273428875327227e-08,0.0,0.0
48.0,0.035189371556043625,0.021965350955724716,0.021795453503727913,0.02026532217860222,0.025015799328684807,0.07096889615058899,8.002123763617419e-08,0.0,0.0
49.0,0.03489815443754196,0.021690821275115013,0.021767763420939445,0.020223502069711685,0.025594180449843407,0.07083921134471893,7.731743068006836e-08,0.0,0.0
50.0,0.03461197018623352,0.021420413628220558,0.02174152433872223,0.020183902233839035,0.02622448094189167,0.07070057839155197,7.46239834370499e-08,0.0,0.0
51.0,0.03433027118444443,0.021153517067432404,0.021717021241784096,0.020146582275629044,0.02690882980823517,0.0705522894859314,7.194616813421817e-08,0.0,0.0
52.0,0.034052759408950806,0.02088976465165615,0.021694552153348923,0.020111627876758575,0.027649344876408577,0.07039366662502289,6.93097703674539e-08,0.0,0.0
53.0,0.03377927094697952,0.020628919824957848,0.02167443186044693,0.020079154521226883,0.028448225930333138,0.07022392004728317,6.671471197705614e-08,0.0,0.0
54.0,0.03350978344678879,0.020370885729789734,0.021656954661011696,0.02004927583038807,0.029307596385478973,0.07004226744174957,6.416617992499596e-08,0.0,0.0
55.0,0.033244263380765915,0.02011556550860405,0.02164240926504135,0.020022109150886536,0.03022950328886509,0.06984791159629822,6.167173438598184e-08,0.0,0.0
56.0,0.032982710748910904,0.019862908869981766,0.02163102850317955,0.019997749477624893,0.031215790659189224,0.06964002549648285,5.922690249349216e-08,0.0,0.0
57.0,0.032725006341934204,0.01961277239024639,0.02162296697497368,0.01997627690434456,0.032268039882183075,0.0694177895784378,5.6827776262480256e-08,0.0,0.0
58.0,0.03247096389532089,0.019364971667528152,0.0216183140873909,0.01995774731040001,0.03338737413287163,0.06918042153120041,5.447820328186026e-08,0.0,0.0
59.0,0.03222034126520157,0.019119270145893097,0.021617116406559944,0.019942184910178185,0.0345744751393795,0.06892718374729156,5.2169472297691755e-08,0.0,0.0
60.0,0.031972844153642654,0.01887540891766548,0.021619386970996857,0.019929585978388786,0.035829395055770874,0.06865735352039337,4.990415902739187e-08,0.0,0.0
61.0,0.031728170812129974,0.018633142113685608,0.021625086665153503,0.01991991326212883,0.037151504307985306,0.06837034225463867,4.769240646851358e-08,0.0,0.0
62.0,0.031486064195632935,0.018392296507954597,0.02163412794470787,0.019913077354431152,0.038539376109838486,0.0680655837059021,4.550844323603087e-08,0.0,0.0
63.0,0.031246308237314224,0.018152760341763496,0.021646348759531975,0.019908957183361053,0.03999069333076477,0.06774264574050903,4.33154738743724e-08,0.0,0.0
64.0,0.0310087651014328,0.017914529889822006,0.02166154608130455,0.019907372072339058,0.04150207340717316,0.067401222884655,4.111827323072248e-08,0.0,0.0
65.0,0.030773375183343887,0.01767769828438759,0.02167947217822075,0.01990812085568905,0.04306893050670624,0.06704121828079224,3.8913913869009775e-08,0.0,0.0
66.0,0.03054015152156353,0.017442453652620316,0.021699827164411545,0.01991097815334797,0.044685445725917816,0.06666268408298492,3.67050922989165e-08,0.0,0.0
67.0,0.030309174209833145,0.017209043726325035,0.02172226458787918,0.019915733486413956,0.04634474590420723,0.06626595556735992,3.449869367955216e-08,0.0,0.0
68.0,0.03008059784770012,0.016977792605757713,0.021746408194303513,0.019922208040952682,0.04803907498717308,0.06585157662630081,3.229157030659735e-08,0.0,0.0
69.0,0.029854612424969673,0.016749057918787003,0.021771863102912903,0.01993025466799736,0.049760058522224426,0.06542034447193146,3.0104629900051805e-08,0.0,0.0
70.0,0.029631491750478745,0.016523247584700584,0.021798240020871162,0.01993977651000023,0.05149901285767555,0.06497327983379364,2.7940119551317366e-08,0.0,0.0
71.0,0.02941161021590233,0.016300849616527557,0.021825138479471207,0.019950736314058304,0.05324691906571388,0.06451164186000824,2.5810539483472894e-08,0.0,0.0
72.0,0.029195422306656837,0.01608242094516754,0.021852130070328712,0.019963139668107033,0.05499470978975296,0.06403683871030807,2.3731574927410293e-08,0.0,0.0
73.0,0.028983429074287415,0.01586858369410038,0.021878719329833984,0.019976992160081863,0.05673304945230484,0.0635504275560379,2.1712342146429364e-08,0.0,0.0
74.0,0.028776105493307114,0.01565994694828987,0.021904312074184418,0.019992273300886154,0.05845215916633606,0.06305408477783203,1.97621687902938e-08,0.0,0.0
75.0,0.02857368439435959,0.01545693539083004,0.02192818932235241,0.02000884898006916,0.06014198064804077,0.06254959106445312,1.7890748438276205e-08,0.0,0.0
76.0,0.028375955298542976,0.015259575098752975,0.021949512884020805,0.020026441663503647,0.061793044209480286,0.06203874945640564,1.610223065995342e-08,0.0,0.0
77.0,0.02818223088979721,0.015067461878061295,0.021967418491840363,0.020044563338160515,0.06339773535728455,0.06152331829071045,1.4415259208533371e-08,0.0,0.0
78.0,0.027991391718387604,0.014879786409437656,0.02198110520839691,0.020062513649463654,0.0649511069059372,0.0610048733651638,1.2838487606359195e-08,0.0,0.0
79.0,0.027802161872386932,0.014695568010210991,0.02198992297053337,0.020079435780644417,0.06645093113183975,0.06048481538891792,1.1385542286745931e-08,0.0,0.0
80.0,0.027613265439867973,0.014513781294226646,0.021993422880768776,0.02009442076086998,0.06789728999137878,0.05996442958712578,1.0080248635802036e-08,0.0,0.0
81.0,0.02742357738316059,0.014333476312458515,0.021991360932588577,0.020106635987758636,0.06929194182157516,0.05944501981139183,8.932707906694759e-09,0.0,0.0
82.0,0.027232207357883453,0.014153828844428062,0.021983690559864044,0.02011541649699211,0.07063768804073334,0.05892818048596382,7.968147031078843e-09,0.0,0.0
83.0,0.027038540691137314,0.013974171131849289,0.02197052538394928,0.020120345056056976,0.07193765044212341,0.05841603875160217,7.19751724886919e-09,0.0,0.0
84.0,0.02684222161769867,0.01379399187862873,0.0219520665705204,0.020121214911341667,0.07319436967372894,0.057911403477191925,6.642510541610136e-09,0.0,0.0
85.0,0.026643136516213417,0.013612940907478333,0.02192854881286621,0.020117994397878647,0.07440900802612305,0.05741792544722557,6.322538936842648e-09,0.0,0.0
86.0,0.026441358029842377,0.013430825434625149,0.021900195628404617,0.020110761746764183,0.07558091729879379,0.05693985894322395,6.250802542240308e-09,0.0,0.0
87.0,0.026237085461616516,0.013247570022940636,0.02186720073223114,0.02009965106844902,0.07670773565769196,0.05648166313767433,6.451089440417945e-09,0.0,0.0
88.0,0.026030579581856728,0.013063175603747368,0.021829750388860703,0.02008487656712532,0.07778668403625488,0.05604734271764755,6.937181051824837e-09,0.0,0.0
89.0,0.02582208625972271,0.012877649627625942,0.021788062527775764,0.020066723227500916,0.07881572097539902,0.05563969165086746,7.717685157615506e-09,0.0,0.0
90.0,0.025611774995923042,0.012690984643995762,0.02174239233136177,0.020045526325702667,0.07979395985603333,0.05525979399681091,8.733683110051516e-09,0.0,0.0
91.0,0.02539980225265026,0.01250323373824358,0.02169308066368103,0.020021602511405945,0.08072171360254288,0.05490671098232269,9.822464619446691e-09,0.0,0.0
92.0,0.025186434388160706,0.01231461577117443,0.021640576422214508,0.019995275884866714,0.08160039037466049,0.05457763373851776,1.0945850448251804e-08,0.0,0.0
93.0,0.02497209422290325,0.012125563807785511,0.02158540114760399,0.019966820254921913,0.08243178576231003,0.05426858365535736,1.2090324297275856e-08,0.0,0.0
94.0,0.024757271632552147,0.011936603114008904,0.021528037264943123,0.01993648335337639,0.0832175686955452,0.053975269198417664,1.3235352369633802e-08,0.0,0.0
95.0,0.024542327970266342,0.011748166754841805,0.021468812599778175,0.01990446075797081,0.08395837992429733,0.05369402468204498,1.4370621137516082e-08,0.0,0.0
96.0,0.024327438324689865,0.011560503393411636,0.02140779420733452,0.019870858639478683,0.08465353399515152,0.05342251434922218,1.5473922587716515e-08,0.0,0.0
97.0,0.024112559854984283,0.011373667046427727,0.02134476602077484,0.019835684448480606,0.08530107885599136,0.05316014587879181,1.654096948300321e-08,0.0,0.0
98.0,0.023897575214505196,0.011187633499503136,0.021279316395521164,0.01979883760213852,0.08589908480644226,0.05290756747126579,1.7560413567707656e-08,0.0,0.0
99.0,0.02368246205151081,0.01100245863199234,0.021211043000221252,0.019760146737098694,0.08644726872444153,0.05266573280096054,1.851716113776547e-08,0.0,0.0
100.0,0.0234674122184515,0.01081838645040989,0.02113969624042511,0.019719401374459267,0.08694761246442795,0.05243520438671112,1.9411174889683025e-08,0.0,0.0
101.0,0.023252813145518303,0.01063583791255951,0.02106521464884281,0.01967637985944748,0.0874040275812149,0.052215948700904846,2.0240362275103507e-08,0.0,0.0
102.0,0.02303915098309517,0.010455308482050896,0.02098771557211876,0.019630873575806618,0.08782172948122025,0.052007272839546204,2.0996640870407646e-08,0.0,0.0
103.0,0.02282687835395336,0.01027725636959076,0.020907465368509293,0.01958269253373146,0.08820660412311554,0.05180780589580536,2.168208901309754e-08,0.0,0.0
104.0,0.022616304457187653,0.01010199636220932,0.020824790000915527,0.019531697034835815,0.08856476843357086,0.05161556601524353,2.2300458368818e-08,0.0,0.0
105.0,0.02240760624408722,0.009929733350872993,0.020739983767271042,0.01947779580950737,0.088902048766613,0.05142810568213463,2.2840589863903915e-08,0.0,0.0
106.0,0.022200901061296463,0.009760635904967785,0.020653285086154938,0.01942094787955284,0.08922417461872101,0.05124259367585182,2.3320408715221674e-08,0.0,0.0
107.0,0.021996377035975456,0.00959495548158884,0.02056482993066311,0.019361164420843124,0.08953634649515152,0.051055993884801865,2.373418972467789e-08,0.0,0.0
108.0,0.021794289350509644,0.009433040395379066,0.020474661141633987,0.019298486411571503,0.0898430198431015,0.0508652962744236,2.4094070738556184e-08,0.0,0.0
109.0,0.02159496583044529,0.009275305084884167,0.02038273587822914,0.01923298090696335,0.09014727175235748,0.05066794902086258,2.4406180187952486e-08,0.0,0.0
110.0,0.021398691460490227,0.009122113697230816,0.020288946107029915,0.019164711236953735,0.09045007824897766,0.05046222731471062,2.4697156320030444e-08,0.0,0.0
111.0,0.021205618977546692,0.008973688818514347,0.020193157717585564,0.019093701615929604,0.09075017273426056,0.0502474419772625,2.496808626517577e-08,0.0,0.0
112.0,0.021015679463744164,0.008829995058476925,0.02009527012705803,0.019019966945052147,0.091044120490551,0.05002394691109657,2.5226160715874357e-08,0.0,0.0
113.0,0.0208286102861166,0.00869075395166874,0.01999526470899582,0.01894354820251465,0.09132733196020126,0.04979286342859268,2.5489351074270417e-08,0.0,0.0
114.0,0.020644094794988632,0.008555559441447258,0.01989326998591423,0.018864566460251808,0.09159550070762634,0.049555666744709015,2.5749336884928198e-08,0.0,0.0
115.0,0.02046196535229683,0.008424072526395321,0.019789544865489006,0.01878329925239086,0.09184570610523224,0.04931401461362839,2.6010642528717653e-08,0.0,0.0
116.0,0.020282328128814697,0.008296123705804348,0.019684478640556335,0.01870020665228367,0.09207703173160553,0.04906972870230675,2.6269418640367803e-08,0.0,0.0
117.0,0.020105497911572456,0.00817166082561016,0.01957852393388748,0.01861594431102276,0.0922904685139656,0.04882482439279556,2.652483033216413e-08,0.0,0.0
118.0,0.019931800663471222,0.008050579577684402,0.01947215013206005,0.018531322479248047,0.09248875081539154,0.048581480979919434,2.678303445691199e-08,0.0,0.0
119.0,0.019761426374316216,0.007932611741125584,0.019365830346941948,0.01844719797372818,0.09267617762088776,0.048341765999794006,2.7037023286879958e-08,0.0,0.0
120.0,0.019594471901655197,0.00781741738319397,0.019260060042142868,0.018364354968070984,0.09285826236009598,0.04810744524002075,2.7282011316742683e-08,0.0,0.0
121.0,0.019431140273809433,0.007704798132181168,0.019155383110046387,0.018283430486917496,0.0930405780673027,0.04788002744317055,2.7529679869076062e-08,0.0,0.0
122.0,0.019271813333034515,0.007594800554215908,0.019052358344197273,0.01820489391684532,0.09322728216648102,0.047660909593105316,2.7776092537123986e-08,0.0,0.0
123.0,0.01911686733365059,0.007487528026103973,0.018951499834656715,0.01812903955578804,0.09342065453529358,0.04745146632194519,2.8019625730735243e-08,0.0,0.0
124.0,0.018966393545269966,0.007382875308394432,0.01885320618748665,0.018056068569421768,0.09362105280160904,0.04725298658013344,2.8273808183598703e-08,0.0,0.0
125.0,0.018820136785507202,0.007280456833541393,0.01875769905745983,0.01798618584871292,0.0938270092010498,0.04706648737192154,2.8537963103758557e-08,0.0,0.0
126.0,0.018677592277526855,0.007179727777838707,0.01866491138935089,0.017919689416885376,0.09403453767299652,0.046892277896404266,2.8811406593831634e-08,0.0,0.0
127.0,0.01853812299668789,0.00708018708974123,0.018574308604002,0.017856955528259277,0.09423592686653137,0.046729523688554764,2.9099112452968257e-08,0.0,0.0
128.0,0.018401119858026505,0.0069815595634281635,0.018484873697161674,0.017798297107219696,0.0944211483001709,0.04657600820064545,2.939395038481507e-08,0.0,0.0
129.0,0.01826632022857666,0.006884019821882248,0.018395675346255302,0.01774367317557335,0.09458242356777191,0.04642842710018158,2.9693547176634638e-08,0.0,0.0
130.0,0.01813419908285141,0.006788398139178753,0.018306512385606766,0.017692649737000465,0.09471764415502548,0.046283211559057236,2.999713188955866e-08,0.0,0.0
131.0,0.01800602301955223,0.006696146912872791,0.01821790263056755,0.017644554376602173,0.09482995420694351,0.046137142926454544,3.030226025657612e-08,0.0,0.0
132.0,0.017883175984025,0.006608712486922741,0.018130838871002197,0.01759868487715721,0.09492482244968414,0.04598751664161682,3.061724029862489e-08,0.0,0.0
133.0,0.017765503376722336,0.0065258522517979145,0.01804676279425621,0.017554644495248795,0.09500513225793839,0.04583173617720604,3.094515932389186e-08,0.0,0.0
134.0,0.017649227753281593,0.0064435903914272785,0.01796742156147957,0.017512494698166847,0.09506803750991821,0.04566696658730507,3.13080903424634e-08,0.0,0.0
135.0,0.01753033697605133,0.0063577331602573395,0.01789403147995472,0.01747259683907032,0.09511435031890869,0.04549010097980499,3.171596318907177e-08,0.0,0.0
136.0,0.01741079054772854,0.006270118057727814,0.01782672293484211,0.017435308545827866,0.09515807032585144,0.04529837891459465,3.218265831606004e-08,0.0,0.0
137.0,0.01729550026357174,0.006185566075146198,0.017764955759048462,0.017400918528437614,0.0952180027961731,0.045090653002262115,3.272301540846456e-08,0.0,0.0
138.0,0.017186371609568596,0.006105908192694187,0.017707817256450653,0.017369549721479416,0.09530682861804962,0.044868893921375275,3.336674936349482e-08,0.0,0.0
139.0,0.01708160899579525,0.006029317155480385,0.017654092982411385,0.017340999096632004,0.09542521834373474,0.04463942348957062,3.4127392467553364e-08,0.0,0.0
140.0,0.016979018226265907,0.005953637883067131,0.017602385953068733,0.01731455698609352,0.09556162357330322,0.04441294074058533,3.501696710372926e-08,0.0,0.0
141.0,0.016878409311175346,0.005878864787518978,0.017551131546497345,0.017288796603679657,0.09569801390171051,0.0442027822136879,3.60529526233222e-08,0.0,0.0
142.0,0.01678130030632019,0.0058068763464689255,0.01749878004193306,0.017261827364563942,0.09581701457500458,0.04402085021138191,3.7233014893445215e-08,0.0,0.0
143.0,0.01668909192085266,0.005739434156566858,0.017444508150219917,0.017232371494174004,0.09590579569339752,0.043872106820344925,3.856819219549834e-08,0.0,0.0
144.0,0.016601206734776497,0.005676141940057278,0.01738879084587097,0.017200646921992302,0.09595353901386261,0.04375218600034714,4.006010811963279e-08,0.0,0.0
145.0,0.016515517607331276,0.005614937283098698,0.01733297109603882,0.017167894169688225,0.09595134854316711,0.04364997148513794,4.1704993236635346e-08,0.0,0.0
146.0,0.01643146574497223,0.005555351264774799,0.017278306186199188,0.017135370522737503,0.09590122848749161,0.0435519739985466,4.351478466446679e-08,0.0,0.0
147.0,0.01635047048330307,0.005498941987752914,0.017225459218025208,0.01710376888513565,0.09581904113292694,0.04344608634710312,4.546258836057859e-08,0.0,0.0
148.0,0.0162730161100626,0.00544633436948061,0.017174461856484413,0.017073294147849083,0.09572646021842957,0.04332400858402252,4.752895677029301e-08,0.0,0.0
149.0,0.016197768971323967,0.005396269261837006,0.017124926671385765,0.01704392582178116,0.09563955664634705,0.04318269342184067,4.9674245161668296e-08,0.0,0.0
150.0,0.016123535111546516,0.005347521975636482,0.017076250165700912,0.017015647143125534,0.09556183964014053,0.043024636805057526,5.183670026553955e-08,0.0,0.0
151.0,0.016050536185503006,0.005300148390233517,0.017027948051691055,0.016988584771752357,0.09548546373844147,0.04285589978098869,5.396899993570514e-08,0.0,0.0
152.0,0.015979493036866188,0.00525455130264163,0.016980253159999847,0.016963081434369087,0.09539812803268433,0.042682744562625885,5.602738539778329e-08,0.0,0.0
153.0,0.015910372138023376,0.005210257600992918,0.016934124752879143,0.01693960279226303,0.09529067575931549,0.04250960797071457,5.7987868729014735e-08,0.0,0.0
154.0,0.015842515975236893,0.005166216753423214,0.016890674829483032,0.01691838726401329,0.09516151249408722,0.0423390194773674,5.984483664178697e-08,0.0,0.0
155.0,0.015775885432958603,0.005122239701449871,0.016850441694259644,0.016899067908525467,0.0950164645910263,0.04217248782515526,6.161032217733009e-08,0.0,0.0
156.0,0.015711212530732155,0.005079259164631367,0.01681295596063137,0.016880560666322708,0.09486518055200577,0.04201136529445648,6.327535118089145e-08,0.0,0.0
157.0,0.015648843720555305,0.005038040690124035,0.01677706465125084,0.016861412674188614,0.09471772611141205,0.04185713827610016,6.482509462557573e-08,0.0,0.0
158.0,0.015588318929076195,0.004998505115509033,0.016741415485739708,0.016840483993291855,0.09458288550376892,0.041711583733558655,6.62430181819218e-08,0.0,0.0
159.0,0.015529152937233448,0.004960289224982262,0.016704894602298737,0.01681748405098915,0.0944664478302002,0.041576966643333435,6.749134229266929e-08,0.0,0.0
160.0,0.015471312217414379,0.004923208616673946,0.016667012125253677,0.016792964190244675,0.09436921030282974,0.04145532473921776,6.857387546688187e-08,0.0,0.0
161.0,0.015414848923683167,0.004887052346020937,0.01662805676460266,0.01676785573363304,0.09428617358207703,0.04134717583656311,6.95039332754277e-08,0.0,0.0
162.0,0.015359532088041306,0.004851389676332474,0.016588818281888962,0.016742970794439316,0.09420950710773468,0.041250765323638916,7.032296878151101e-08,0.0,0.0
163.0,0.015305119566619396,0.004815977066755295,0.01655014231801033,0.01671867072582245,0.09413253515958786,0.0411623939871788,7.106207533524866e-08,0.0,0.0
164.0,0.015251701697707176,0.004781131632626057,0.01651252806186676,0.016694655641913414,0.09405139833688736,0.04107767343521118,7.178847738487093e-08,0.0,0.0
165.0,0.01519952155649662,0.004747423343360424,0.016476020216941833,0.01667027547955513,0.09396655857563019,0.040993139147758484,7.252633338339365e-08,0.0,0.0
166.0,0.015148664824664593,0.00471504544839263,0.01644039712846279,0.01664520613849163,0.09388407319784164,0.04090788960456848,7.32944656078871e-08,0.0,0.0
167.0,0.01509900763630867,0.004683639854192734,0.0164053775370121,0.01661984808743,0.09381277859210968,0.04082401841878891,7.408009139453497e-08,0.0,0.0
168.0,0.015050448477268219,0.004652721807360649,0.016370834782719612,0.016594981774687767,0.09375669062137604,0.040744900703430176,7.487669506645034e-08,0.0,0.0
169.0,0.015003122389316559,0.004622153006494045,0.01633697934448719,0.01657133176922798,0.09371010214090347,0.04067274183034897,7.567426507648634e-08,0.0,0.0
170.0,0.014957253821194172,0.004592052195221186,0.01630433276295662,0.016549400985240936,0.09366052597761154,0.04060756415128708,7.648491617828768e-08,0.0,0.0
171.0,0.014912864193320274,0.004562542773783207,0.01627339981496334,0.016529295593500137,0.09359464049339294,0.040547385811805725,7.729759232688593e-08,0.0,0.0
172.0,0.014869696460664272,0.00453374907374382,0.01624426804482937,0.0165104903280735,0.09350289404392242,0.04048880562186241,7.815155811385921e-08,0.0,0.0
173.0,0.014827471226453781,0.004505868535488844,0.01621653512120247,0.016492214053869247,0.09338401257991791,0.040428005158901215,7.902404774995375e-08,0.0,0.0
174.0,0.014786136336624622,0.004479157738387585,0.016189519315958023,0.016474032774567604,0.09324578940868378,0.04036213830113411,7.991571493448646e-08,0.0,0.0
175.0,0.01474577747285366,0.004453797824680805,0.016162579879164696,0.016455842182040215,0.09309954941272736,0.040290117263793945,8.08034386068357e-08,0.0,0.0
176.0,0.014706381596624851,0.004429638851433992,0.016135603189468384,0.016437755897641182,0.09295715391635895,0.04021217301487923,8.166134790599244e-08,0.0,0.0
177.0,0.014667828567326069,0.004406224470585585,0.016109183430671692,0.01642007753252983,0.09283028542995453,0.040128856897354126,8.246569649372759e-08,0.0,0.0
178.0,0.014630017802119255,0.004383257124572992,0.016084056347608566,0.016402777284383774,0.09272412955760956,0.04004023224115372,8.322825095774533e-08,0.0,0.0
179.0,0.014592872932553291,0.004360746592283249,0.016060486435890198,0.016385387629270554,0.09263576567173004,0.03994646295905113,8.39306366628989e-08,0.0,0.0
180.0,0.014556297101080418,0.004338698461651802,0.016038183122873306,0.016367528587579727,0.0925612673163414,0.03984929993748665,8.461060474473925e-08,0.0,0.0
181.0,0.014520183205604553,0.00431705079972744,0.016016408801078796,0.016348958015441895,0.09249822795391083,0.0397525280714035,8.5254775683552e-08,0.0,0.0
182.0,0.014484483748674393,0.004295645281672478,0.015994450077414513,0.01632971689105034,0.09244660288095474,0.039661020040512085,8.587501554302435e-08,0.0,0.0
183.0,0.01444922387599945,0.004274291452020407,0.015972044318914413,0.016310080885887146,0.09240694344043732,0.039578646421432495,8.647321436683342e-08,0.0,0.0
184.0,0.014414502307772636,0.004252952057868242,0.015949415042996407,0.016290275380015373,0.0923771783709526,0.039506517350673676,8.704350307198183e-08,0.0,0.0
185.0,0.014380487613379955,0.004231687169522047,0.015927014872431755,0.01627080701291561,0.09235356748104095,0.03944315388798714,8.760417102848805e-08,0.0,0.0
186.0,0.014347370713949203,0.004210804123431444,0.015904953703284264,0.016252070665359497,0.09232500195503235,0.03938612341880798,8.813724150513735e-08,0.0,0.0
187.0,0.014315249398350716,0.0041905855759978294,0.015882868319749832,0.016234152019023895,0.09227199852466583,0.039336614310741425,8.863111133905477e-08,0.0,0.0
188.0,0.014283837750554085,0.0041710068471729755,0.01585988886654377,0.016215814277529716,0.09217269718647003,0.039303384721279144,8.908233439797186e-08,0.0,0.0
189.0,0.014252827502787113,0.004151890054345131,0.01583518087863922,0.016195770353078842,0.09202982485294342,0.03929316997528076,8.945983864805385e-08,0.0,0.0
190.0,0.014222309924662113,0.0041332668624818325,0.01580868661403656,0.01617448963224888,0.09186360239982605,0.03930089250206947,8.975521836873668e-08,0.0,0.0
191.0,0.014192240312695503,0.0041154660284519196,0.01578085497021675,0.016152851283550262,0.09168772399425507,0.039310239255428314,9.008873291804775e-08,0.0,0.0
192.0,0.014162525534629822,0.004098680801689625,0.015752717852592468,0.016131481155753136,0.09151394665241241,0.03930579870939255,9.060632066848484e-08,0.0,0.0
193.0,0.01413328293710947,0.0040829116478562355,0.015725625678896904,0.016110796481370926,0.09135110676288605,0.039280690252780914,9.133459144550216e-08,0.0,0.0
194.0,0.014104676432907581,0.004067705478519201,0.015700744464993477,0.016092117875814438,0.09120767563581467,0.03923427686095238,9.230166853058108e-08,0.0,0.0
195.0,0.014076778665184975,0.00405304878950119,0.015678253024816513,0.016075268387794495,0.09107963740825653,0.039169274270534515,9.349441398853742e-08,0.0,0.0
196.0,0.0140497125685215,0.004038234241306782,0.01565832458436489,0.01606186479330063,0.09096889197826385,0.039093125611543655,9.490343444440441e-08,0.0,0.0
197.0,0.014023027382791042,0.004024588502943516,0.015639765188097954,0.016046885401010513,0.09083422273397446,0.03900841251015663,9.646685583675207e-08,0.0,0.0
198.0,0.013995150104165077,0.0040077767334878445,0.015622714534401894,0.016035735607147217,0.09072385728359222,0.038933128118515015,9.81527037424712e-08,0.0,0.0
199.0,0.013968292623758316,0.003992037381976843,0.015606080181896687,0.016023073345422745,0.09059816598892212,0.03886574134230614,9.989296501089484e-08,0.0,0.0
200.0,0.013942327350378036,0.003976871725171804,0.01558919157832861,0.016009274870157242,0.09045720100402832,0.0388144925236702,1.0163899588633285e-07,0.0,0.0
201.0,0.013915352523326874,0.003958800807595253,0.015571714378893375,0.01599813997745514,0.09031842648983002,0.03878975659608841,1.0340330192093461e-07,0.0,0.0
202.0,0.013889600522816181,0.003941948525607586,0.015554147772490978,0.01598573662340641,0.0901598334312439,0.03877574950456619,1.0516689741280061e-07,0.0,0.0
203.0,0.013863743282854557,0.0039256480522453785,0.015536941587924957,0.015971558168530464,0.08997263014316559,0.038761768490076065,1.0687681850640729e-07,0.0,0.0
204.0,0.013837728649377823,0.003908081445842981,0.015520521439611912,0.015960590913891792,0.08979279547929764,0.038749292492866516,1.0852742349243272e-07,0.0,0.0
205.0,0.013812673278152943,0.0038913628086447716,0.0155049879103899,0.015951156616210938,0.08962097764015198,0.03872623294591904,1.1012284772959902e-07,0.0,0.0
206.0,0.013786939904093742,0.003875437658280134,0.015489901416003704,0.0159401036798954,0.08943687379360199,0.038682498037815094,1.1160821600242343e-07,0.0,0.0
207.0,0.01376210805028677,0.0038603353314101696,0.015475158579647541,0.01593071222305298,0.08926200866699219,0.03862882778048515,1.1299266589048784e-07,0.0,0.0
208.0,0.013737517409026623,0.00384470634162426,0.015460573136806488,0.015923934057354927,0.08909884095191956,0.03857443109154701,1.1433643010150263e-07,0.0,0.0
209.0,0.013713027350604534,0.0038295225240290165,0.015446215867996216,0.01591622643172741,0.08893300592899323,0.03851745277643204,1.1558556423096888e-07,0.0,0.0
210.0,0.013689417392015457,0.00381467049010098,0.015432559885084629,0.01590869575738907,0.08878104388713837,0.03846496343612671,1.1678746858478917e-07,0.0,0.0
211.0,0.013665623031556606,0.003798055462539196,0.015419825911521912,0.015903595834970474,0.08864850550889969,0.03842431306838989,1.1797040144756465e-07,0.0,0.0
212.0,0.013642523437738419,0.00378182390704751,0.01540781743824482,0.015898415818810463,0.0885070264339447,0.03838919475674629,1.19130064035744e-07,0.0,0.0
213.0,0.013619853183627129,0.003766269190236926,0.0153959970921278,0.01589253917336464,0.08835044503211975,0.03835485130548477,1.2021965289932268e-07,0.0,0.0
214.0,0.013597240671515465,0.0037502776831388474,0.01538414042443037,0.015888294205069542,0.08819464594125748,0.038322240114212036,1.2129467563681828e-07,0.0,0.0
215.0,0.013575400225818157,0.003735301084816456,0.015372510068118572,0.01588408462703228,0.08803234249353409,0.038284994661808014,1.2236935731380072e-07,0.0,0.0
216.0,0.013553948141634464,0.0037212634924799204,0.0153611209243536,0.01587916538119316,0.08785577863454819,0.03824217617511749,1.2343920730018e-07,0.0,0.0
217.0,0.013532862067222595,0.0037072165869176388,0.015349509194493294,0.015875406563282013,0.08767826855182648,0.03820212930440903,1.2454192699351552e-07,0.0,0.0
218.0,0.013512597419321537,0.003694291692227125,0.015337574295699596,0.015870830044150352,0.0875018984079361,0.03816123306751251,1.2570249907639663e-07,0.0,0.0
219.0,0.013492780737578869,0.0036823207046836615,0.015325531363487244,0.015865057706832886,0.08732233941555023,0.03811727464199066,1.2689491768469452e-07,0.0,0.0
220.0,0.013473440892994404,0.0036705825477838516,0.015313060954213142,0.015860188752412796,0.08713887631893158,0.03807613253593445,1.2812694194508367e-07,0.0,0.0
221.0,0.013454820960760117,0.0036603116896003485,0.015299886465072632,0.01585376262664795,0.08694243431091309,0.03803328052163124,1.2941892180151626e-07,0.0,0.0
222.0,0.013436689041554928,0.0036507518962025642,0.015286669135093689,0.01584666408598423,0.0867374986410141,0.03799119591712952,1.3069119120245887e-07,0.0,0.0
223.0,0.013418869115412235,0.0036407504230737686,0.015273215249180794,0.01584116742014885,0.08653191477060318,0.03795725107192993,1.3197090709127224e-07,0.0,0.0
224.0,0.013401494361460209,0.0036318632774055004,0.015259020030498505,0.01583336852490902,0.08632548898458481,0.03792455047369003,1.3323320047220477e-07,0.0,0.0
225.0,0.013384596444666386,0.0036229672841727734,0.015244850888848305,0.01582632027566433,0.08612607419490814,0.0378962904214859,1.3446602054045798e-07,0.0,0.0
226.0,0.01336806733161211,0.003614206565544009,0.015230363234877586,0.015819942578673363,0.08593355119228363,0.03786928206682205,1.35676145873731e-07,0.0,0.0
227.0,0.013351798057556152,0.003606378100812435,0.015216046944260597,0.015811564400792122,0.08575040102005005,0.037836261093616486,1.3688716649085109e-07,0.0,0.0
228.0,0.01333585474640131,0.0035976162180304527,0.015202460810542107,0.01580645889043808,0.08557526767253876,0.03780752420425415,1.3808656262881414e-07,0.0,0.0
229.0,0.013320257887244225,0.0035904119722545147,0.015188127756118774,0.01579836569726467,0.0853940099477768,0.0377737432718277,1.3927582642736525e-07,0.0,0.0
230.0,0.013304995372891426,0.003582634264603257,0.015174349769949913,0.015792133286595345,0.08521489799022675,0.03774610906839371,1.4049012975192454e-07,0.0,0.0
231.0,0.013290023431181908,0.0035753147676587105,0.01515948586165905,0.0157850943505764,0.08504059910774231,0.03772258758544922,1.4171232010085077e-07,0.0,0.0
232.0,0.013275290839374065,0.0035684844478964806,0.015144409611821175,0.015776511281728745,0.0848730206489563,0.037701286375522614,1.429391858209783e-07,0.0,0.0
233.0,0.013260801322758198,0.0035606371238827705,0.015129496343433857,0.01577093079686165,0.08471545577049255,0.03768749535083771,1.4420449190311047e-07,0.0,0.0
234.0,0.01324649341404438,0.003554776543751359,0.015113666653633118,0.01575983315706253,0.08457186818122864,0.03766606003046036,1.4547120485985943e-07,0.0,0.0
235.0,0.013232434168457985,0.003545881249010563,0.01509986724704504,0.015757013112306595,0.08444243669509888,0.0376579649746418,1.4675538295705337e-07,0.0,0.0
236.0,0.01321850810199976,0.0035411773715168238,0.015083938837051392,0.015743490308523178,0.08430299162864685,0.0376327708363533,1.480471212289558e-07,0.0,0.0
237.0,0.013204540126025677,0.003531398717314005,0.015071067959070206,0.01574224792420864,0.08418819308280945,0.037629611790180206,1.4935298509044515e-07,0.0,0.0
238.0,0.013190465047955513,0.0035253451205790043,0.01505646388977766,0.01573099009692669,0.08405780792236328,0.037609975785017014,1.5062401814702753e-07,0.0,0.0
239.0,0.0131766302511096,0.003517452161759138,0.015042087994515896,0.015724681317806244,0.08395105600357056,0.0376015268266201,1.5189338853360823e-07,0.0,0.0
240.0,0.013163099996745586,0.003509426722303033,0.015029044821858406,0.01571924239397049,0.08383926004171371,0.03759317845106125,1.5313885626255797e-07,0.0,0.0
241.0,0.013149803504347801,0.0035037591587752104,0.015013860538601875,0.015708524733781815,0.08373063057661057,0.03757663816213608,1.5431913880092907e-07,0.0,0.0
242.0,0.013136682100594044,0.003495437791571021,0.015000739134848118,0.015704451128840446,0.08363379538059235,0.037572845816612244,1.5546611109584774e-07,0.0,0.0
243.0,0.013123773038387299,0.003489341586828232,0.014987635426223278,0.01569545455276966,0.08351387083530426,0.03755801171064377,1.5658832808185252e-07,0.0,0.0
244.0,0.013111043721437454,0.003482515923678875,0.014973238110542297,0.015688994899392128,0.08341269940137863,0.03755003213882446,1.5767386685183737e-07,0.0,0.0
245.0,0.013098002411425114,0.003475215984508395,0.014961374923586845,0.01568201743066311,0.08329620957374573,0.037540845572948456,1.5871873415562732e-07,0.0,0.0
246.0,0.01308481302112341,0.00346801127307117,0.014947105199098587,0.015674805268645287,0.08320371806621552,0.037532806396484375,1.5976792155925068e-07,0.0,0.0
247.0,0.013071875087916851,0.0034610843285918236,0.014934378676116467,0.01566718891263008,0.0831126868724823,0.03751973807811737,1.6076552356025786e-07,0.0,0.0
248.0,0.013059464283287525,0.003453989513218403,0.014922184869647026,0.015660788863897324,0.08302530646324158,0.03751169145107269,1.6175506800664152e-07,0.0,0.0
249.0,0.013047347776591778,0.0034480905160307884,0.014908108860254288,0.01565217226743698,0.08294757455587387,0.037502266466617584,1.627206955845395e-07,0.0,0.0
250.0,0.013035138137638569,0.0034407409839332104,0.014897326938807964,0.015646304935216904,0.08285433053970337,0.0374961718916893,1.6368733213312225e-07,0.0,0.0
251.0,0.013022763654589653,0.0034343074075877666,0.014883176423609257,0.015637880191206932,0.08276931196451187,0.03749309480190277,1.646003937594287e-07,0.0,0.0
252.0,0.013010358437895775,0.0034269276075065136,0.014871925115585327,0.015631534159183502,0.08268046379089355,0.03748706728219986,1.6552282033899246e-07,0.0,0.0
253.0,0.012998263351619244,0.003420055378228426,0.014859000220894814,0.015624213963747025,0.08261123299598694,0.03748476505279541,1.6642844968828285e-07,0.0,0.0
254.0,0.012986540794372559,0.0034141605719923973,0.01484609954059124,0.015616164542734623,0.08253560215234756,0.037475183606147766,1.6732265351038222e-07,0.0,0.0
255.0,0.012975078076124191,0.0034071325790137053,0.014835115522146225,0.01561043132096529,0.082474485039711,0.037471309304237366,1.6818214021441236e-07,0.0,0.0
256.0,0.012963873334228992,0.0034024359192699194,0.014820117503404617,0.015599547885358334,0.08241415023803711,0.037467628717422485,1.6903703681236948e-07,0.0,0.0
257.0,0.012952851131558418,0.003394791390746832,0.01481061615049839,0.0155960563570261,0.082352414727211,0.03746788576245308,1.6985048034712236e-07,0.0,0.0
258.0,0.01294198352843523,0.00339151406660676,0.014794071204960346,0.015581732615828514,0.08231127262115479,0.03746211901307106,1.7060347090591677e-07,0.0,0.0
259.0,0.012930949218571186,0.0033834301866590977,0.014784294180572033,0.015578570775687695,0.08227596431970596,0.03746509179472923,1.7133251617451606e-07,0.0,0.0
260.0,0.01292034424841404,0.003379344241693616,0.0147699024528265,0.015566295012831688,0.0822397768497467,0.03746086359024048,1.719712088288361e-07,0.0,0.0
