step,total,log_huber,gene_pcc,spot_cosine,theta_kl,adapter_penalty
1.0,0.049504030495882034,0.003928259946405888,0.9402244091033936,0.9962796568870544,1.1124523098260397e-06,0.0
100.0,0.052113357931375504,0.002835594117641449,0.9348940849304199,0.9977648258209229,0.00012926470662932843,0.0
200.0,0.032082486897706985,0.003763711079955101,0.9631834030151367,0.9966164827346802,0.0029625012539327145,0.0
300.0,0.02077530324459076,0.0021839765831828117,0.9757727980613708,0.9983621835708618,0.009336133487522602,0.0
400.0,0.007130973972380161,0.001624980941414833,0.9929968118667603,0.9989190101623535,0.003740367479622364,0.0
500.0,0.01825038343667984,0.0033282185904681683,0.9811887145042419,0.9969987273216248,0.021344609558582306,0.0
600.0,0.022554531693458557,0.0037051092367619276,0.9759558439254761,0.9965710639953613,0.013051928952336311,0.0
700.0,0.008869143202900887,0.002066913526505232,0.9913851022720337,0.9986125826835632,0.006357172038406134,0.0
800.0,0.012520141899585724,0.0027952282689511776,0.9882645606994629,0.9977111220359802,0.046555813401937485,0.0
900.0,0.008383451029658318,0.0022074568551033735,0.9922701120376587,0.9984692931175232,0.007243677973747253,0.0
1000.0,0.012593780644237995,0.0023430264554917812,0.9874404072761536,0.9982926249504089,0.0489584319293499,0.0
1100.0,0.012573884800076485,0.0026009781286120415,0.9878445863723755,0.9981249570846558,0.04813378304243088,0.0
1200.0,0.007028505206108093,0.0014197549317032099,0.9932674169540405,0.9989817142486572,0.03556564450263977,0.0
1300.0,0.006349753122776747,0.0011322256177663803,0.9933803081512451,0.999153733253479,0.008350498974323273,0.0
1400.0,0.006995256990194321,0.001622399315237999,0.9936949014663696,0.9986364245414734,0.03713188320398331,0.0
1500.0,0.0057296534068882465,0.0020320741459727287,0.9956240653991699,0.9985553622245789,0.012670069932937622,0.0
1600.0,0.005079489201307297,0.0009189264383167028,0.9947314262390137,0.9994111061096191,0.00913532730191946,0.0
1700.0,0.013445771299302578,0.003107774769887328,0.9874275922775269,0.9970688223838806,0.03224548324942589,0.0
1800.0,0.01137784868478775,0.0037689979653805494,0.9913378953933716,0.9969501495361328,0.0502302423119545,0.0
1900.0,0.007700675167143345,0.0020182658918201923,0.9935449361801147,0.9984943270683289,0.05399766564369202,0.0
2000.0,0.00690927729010582,0.00232841819524765,0.9946906566619873,0.998349666595459,0.026878491044044495,0.0
2100.0,0.00814272090792656,0.0024388544261455536,0.9932235479354858,0.9980591535568237,0.023335769772529602,0.0
2200.0,0.005788275972008705,0.0007423785282298923,0.9935398101806641,0.9993869662284851,0.0078148003667593,0.0
2300.0,0.010189794935286045,0.0024950180668383837,0.9910566210746765,0.997691810131073,0.052560485899448395,0.0
2400.0,0.007916070520877838,0.002321096835657954,0.9935488700866699,0.9981611967086792,0.03888656944036484,0.0
2500.0,0.005548117682337761,0.0017183026066049933,0.9954311847686768,0.9984464645385742,0.009249649941921234,0.0
2600.0,0.007074405439198017,0.001977422507479787,0.9938002824783325,0.9984539747238159,0.013798967003822327,0.0
2700.0,0.003740765620023012,0.001560585922561586,0.9976747035980225,0.9988346099853516,0.02031293883919716,0.0
2800.0,0.009683622047305107,0.00245507899671793,0.9915928840637207,0.997665286064148,0.04562629386782646,0.0
2900.0,0.006067147944122553,0.0017170754726976156,0.9946961998939514,0.9985677599906921,0.008577445521950722,0.0
3000.0,0.007992254570126534,0.0024091526865959167,0.9936003684997559,0.9980663061141968,0.03966395556926727,0.0
3100.0,0.008751113899052143,0.002459201030433178,0.9929060339927673,0.9976239204406738,0.04962223768234253,0.0
3200.0,0.005599887575954199,0.0004606732982210815,0.9933384656906128,0.9996427893638611,0.007162132300436497,0.0
